总次数,账号,卡池,当前账号抽取次数,当前卡池抽取次数,抽取时间,绝品概率,抽到的SSR分类,抽到的SSR名称,SSR出货抽数,SSR数量,SR数量,R数量,up数量,十连名单,抽取结果
10,ww_1,云山之巅,10,10,2023_12_19_14_43_58,2.0%+0.0%,"{'R': ['希维亚', '韦胜', '阿尔泰巴', '希维亚', '韦胜', '希维亚', '希维亚', '高世津', '雅布斯'], 'SR': ['白菀'], 'SSR': []}",[],0,0,1,9,0,"['希维亚', '韦胜', '阿尔泰巴', '希维亚', '白菀', '韦胜', '希维亚', '希维亚', '高世津', '雅布斯']","[['希维亚', '韦胜', '阿尔泰巴', '希维亚', '白菀', '韦胜', '希维亚', '希维亚', '高世津', '雅布斯'], ['5', '5', '5', '5', '20', '5', '5', '5', '5', '5'], ['R', 'R', 'R', 'R', 'SR', 'R', 'R', 'R', 'R', 'R']]"
20,ww_1,云山之巅,20,20,2023_12_19_14_44_33,2.0%+0.0%,"{'R': ['青萝', '伊丝\', '希维亚', '阿尔泰巴', '希维亚', '伊丝\', '高世津'], 'SR': ['白菀', '韩无砂', '韩无砂'], 'SSR': []}",[],0,0,3,7,0,"['白菀', '青萝', '伊丝\', '希维亚', '阿尔泰巴', '希维亚', '伊丝\', '韩无砂', '韩无砂', '高世津']","[['白菀', '青萝', '伊丝\', '希维亚', '阿尔泰巴', '希维亚', '伊丝\', '韩无砂', '韩无砂', '高世津'], ['20', '5', '5', '5', '5', '5', '5', '20', '20', '5'], ['SR', 'R', 'R', 'R', 'R', 'R', 'R', 'SR', 'SR', 'R']]"
30,ww_1,云山之巅,30,30,2023_12_19_14_45_08,2.0%+0.0%,"{'R': ['韦胜', '高世津', '阿尔泰巴', '应灵华', '高世津', '阿尔泰巴'], 'SR': ['朱缳', '太渊隐逸'], 'SSR': ['妮可', '妮可']}","['妮可', '妮可']",30,2,2,6,2,"['韦胜', '高世津', '阿尔泰巴', '朱缳', '太渊隐逸', '妮可', '妮可', '应灵华', '高世津', '阿尔泰巴']","[['韦胜', '高世津', '阿尔泰巴', '朱缳', '太渊隐逸', '妮可', '妮可', '应灵华', '高世津', '阿尔泰巴'], ['5', '5', '5', '20', '20', '60', '60', '5', '5', '5'], ['R', 'R', 'R', 'SR', 'SR', 'SSR', 'SSR', 'R', 'R', 'R']]"
40,ww_1,云山之巅,40,40,2023_12_19_14_45_44,2.0%+0.0%,"{'R': ['青萝', '雅布斯', '希维亚', '应灵华', '高世津', '朱浩', '高世津', '呼延崇'], 'SR': ['常逸风', '阳寰'], 'SSR': []}",[],0,0,2,8,0,"['常逸风', '青萝', '雅布斯', '希维亚', '应灵华', '高世津', '阳寰', '朱浩', '高世津', '呼延崇']","[['常逸风', '青萝', '雅布斯', '希维亚', '应灵华', '高世津', '阳寰', '朱浩', '高世津', '呼延崇'], ['20', '5', '5', '5', '5', '5', '20', '5', '5', '5'], ['SR', 'R', 'R', 'R', 'R', 'R', 'SR', 'R', 'R', 'R']]"
50,ww_1,云山之巅,50,50,2023_12_19_14_46_19,2.0%+0.0%,"{'R': ['伊丝\', '应灵华', '呼延崇', '朱浩', '应灵华', '韦胜', '希维亚', '朱浩'], 'SR': ['紫蕴', '慕容筝'], 'SSR': []}",[],0,0,2,8,0,"['伊丝\', '应灵华', '紫蕴', '呼延崇', '慕容筝', '朱浩', '应灵华', '韦胜', '希维亚', '朱浩']","[['伊丝\', '应灵华', '紫蕴', '呼延崇', '慕容筝', '朱浩', '应灵华', '韦胜', '希维亚', '朱浩'], ['5', '5', '20', '5', '20', '5', '5', '5', '5', '5'], ['R', 'R', 'SR', 'R', 'SR', 'R', 'R', 'R', 'R', 'R']]"
60,ww_1,云山之巅,60,60,2023_12_19_14_46_54,2.0%+0.0%,"{'R': ['青萝', '阿尔泰巴', '高世津', '希维亚', '伊丝\', '韦胜', '伊丝\', '希维亚'], 'SR': ['杨云佐', '阳寰'], 'SSR': []}",[],0,0,2,8,0,"['杨云佐', '青萝', '阿尔泰巴', '高世津', '希维亚', '伊丝\', '韦胜', '伊丝\', '希维亚', '阳寰']","[['杨云佐', '青萝', '阿尔泰巴', '高世津', '希维亚', '伊丝\', '韦胜', '伊丝\', '希维亚', '阳寰'], ['20', '5', '5', '5', '5', '5', '5', '5', '5', '20'], ['SR', 'R', 'R', 'R', 'R', 'R', 'R', 'R', 'R', 'SR']]"
70,ww_1,云山之巅,70,70,2023_12_19_14_47_29,2.0%+0.0%,"{'R': ['雅布斯', '应灵华', '阿尔泰巴', '阿尔泰巴', '应灵华', '雅布斯', '高世津', '高世津', '阿尔泰巴'], 'SR': ['高戚'], 'SSR': []}",[],0,0,1,9,0,"['雅布斯', '应灵华', '阿尔泰巴', '高戚', '阿尔泰巴', '应灵华', '雅布斯', '高世津', '高世津', '阿尔泰巴']","[['雅布斯', '应灵华', '阿尔泰巴', '高戚', '阿尔泰巴', '应灵华', '雅布斯', '高世津', '高世津', '阿尔泰巴'], ['5', '5', '5', '20', '5', '5', '5', '5', '5', '5'], ['R', 'R', 'R', 'SR', 'R', 'R', 'R', 'R', 'R', 'R']]"
80,ww_1,云山之巅,80,80,2023_12_19_14_48_04,2.0%+0.0%,"{'R': ['呼延崇', '高世津', '高世津', '伊丝\', '朱浩'], 'SR': ['司徒缨', '应奉仁', '紫蕴', '朱缳'], 'SSR': ['妮可']}",['妮可'],50,1,4,5,1,"['司徒缨', '呼延崇', '高世津', '妮可', '高世津', '伊丝\', '朱浩', '应奉仁', '紫蕴', '朱缳']","[['司徒缨', '呼延崇', '高世津', '妮可', '高世津', '伊丝\', '朱浩', '应奉仁', '紫蕴', '朱缳'], ['20', '5', '5', '60', '5', '5', '5', '20', '20', '20'], ['SR', 'R', 'R', 'SSR', 'R', 'R', 'R', 'SR', 'SR', 'SR']]"
90,ww_1,云山之巅,90,90,2023_12_19_14_48_39,2.0%+0.0%,"{'R': ['雅布斯', '青萝', '阿尔泰巴', '希维亚', '韦胜', '雅布斯', '朱浩', '青萝'], 'SR': ['相桓子', '慕容筝'], 'SSR': []}",[],0,0,2,8,0,"['雅布斯', '相桓子', '青萝', '阿尔泰巴', '希维亚', '韦胜', '雅布斯', '朱浩', '青萝', '慕容筝']","[['雅布斯', '相桓子', '青萝', '阿尔泰巴', '希维亚', '韦胜', '雅布斯', '朱浩', '青萝', '慕容筝'], ['5', '20', '5', '5', '5', '5', '5', '5', '5', '20'], ['R', 'SR', 'R', 'R', 'R', 'R', 'R', 'R', 'R', 'SR']]"
100,ww_1,云山之巅,100,100,2023_12_19_14_49_14,2.0%+0.0%,"{'R': ['青萝', '朱浩', '朱浩', '韦胜', '韦胜', '应灵华', '希维亚', '韦胜'], 'SR': ['赫兰铁罕'], 'SSR': ['妮可']}",['妮可'],20,1,1,8,1,"['青萝', '朱浩', '朱浩', '韦胜', '妮可', '韦胜', '应灵华', '希维亚', '韦胜', '赫兰铁罕']","[['青萝', '朱浩', '朱浩', '韦胜', '妮可', '韦胜', '应灵华', '希维亚', '韦胜', '赫兰铁罕'], ['5', '5', '5', '5', '60', '5', '5', '5', '5', '20'], ['R', 'R', 'R', 'R', 'SSR', 'R', 'R', 'R', 'R', 'SR']]"
110,ww_1,云山之巅,110,110,2023_12_19_14_49_50,2.0%+0.0%,"{'R': ['阿尔泰巴', '朱浩', '阿尔泰巴', '应灵华', '青萝', '呼延崇', '呼延崇', '应灵华'], 'SR': ['杨云佐', '紫蕴'], 'SSR': []}",[],0,0,2,8,0,"['阿尔泰巴', '杨云佐', '紫蕴', '朱浩', '阿尔泰巴', '应灵华', '青萝', '呼延崇', '呼延崇', '应灵华']","[['阿尔泰巴', '杨云佐', '紫蕴', '朱浩', '阿尔泰巴', '应灵华', '青萝', '呼延崇', '呼延崇', '应灵华'], ['5', '20', '20', '5', '5', '5', '5', '5', '5', '5'], ['R', 'SR', 'SR', 'R', 'R', 'R', 'R', 'R', 'R', 'R']]"
120,ww_1,云山之巅,120,120,2023_12_19_14_50_25,2.0%+0.0%,"{'R': ['韦胜', '希维亚', '呼延崇', '雅布斯', '雅布斯', '青萝', '应灵华', '朱浩', '应灵华'], 'SR': ['阳寰'], 'SSR': []}",[],0,0,1,9,0,"['韦胜', '希维亚', '呼延崇', '雅布斯', '雅布斯', '青萝', '应灵华', '朱浩', '阳寰', '应灵华']","[['韦胜', '希维亚', '呼延崇', '雅布斯', '雅布斯', '青萝', '应灵华', '朱浩', '阳寰', '应灵华'], ['5', '5', '5', '5', '5', '5', '5', '5', '20', '5'], ['R', 'R', 'R', 'R', 'R', 'R', 'R', 'R', 'SR', 'R']]"
130,ww_1,云山之巅,130,130,2023_12_19_14_51_00,2.0%+0.0%,"{'R': ['伊丝\', '韦胜', '朱浩', '伊丝\', '希维亚', '伊丝\', '希维亚'], 'SR': ['周崇', '朱缳', '应奉仁'], 'SSR': []}",[],0,0,3,7,0,"['伊丝\', '韦胜', '周崇', '朱缳', '朱浩', '伊丝\', '希维亚', '伊丝\', '希维亚', '应奉仁']","[['伊丝\', '韦胜', '周崇', '朱缳', '朱浩', '伊丝\', '希维亚', '伊丝\', '希维亚', '应奉仁'], ['5', '5', '20', '20', '5', '5', '5', '5', '5', '20'], ['R', 'R', 'SR', 'SR', 'R', 'R', 'R', 'R', 'R', 'SR']]"
140,ww_1,云山之巅,140,140,2023_12_19_14_51_35,2.0%+0.0%,"{'R': ['高世津', '朱浩', '阿尔泰巴', '朱浩', '雅布斯', '阿尔泰巴', '雅布斯', '朱浩', '青萝'], 'SR': ['司徒缨'], 'SSR': []}",[],0,0,1,9,0,"['司徒缨', '高世津', '朱浩', '阿尔泰巴', '朱浩', '雅布斯', '阿尔泰巴', '雅布斯', '朱浩', '青萝']","[['司徒缨', '高世津', '朱浩', '阿尔泰巴', '朱浩', '雅布斯', '阿尔泰巴', '雅布斯', '朱浩', '青萝'], ['20', '5', '5', '5', '5', '5', '5', '5', '5', '5'], ['SR', 'R', 'R', 'R', 'R', 'R', 'R', 'R', 'R', 'R']]"
150,ww_1,云山之巅,150,150,2023_12_19_14_52_11,2.0%+2.5%,"{'R': ['雅布斯', '高世津', '应灵华', '雅布斯', '伊丝\', '伊丝\', '朱浩', '希维亚', '希维亚'], 'SR': ['高戚'], 'SSR': []}",[],0,0,1,9,0,"['雅布斯', '高世津', '高戚', '应灵华', '雅布斯', '伊丝\', '伊丝\', '朱浩', '希维亚', '希维亚']","[['雅布斯', '高世津', '高戚', '应灵华', '雅布斯', '伊丝\', '伊丝\', '朱浩', '希维亚', '希维亚'], ['5', '5', '20', '5', '5', '5', '5', '5', '5', '5'], ['R', 'R', 'SR', 'R', 'R', 'R', 'R', 'R', 'R', 'R']]"
160,ww_1,云山之巅,160,160,2023_12_19_14_52_46,2.0%+0.0%,"{'R': ['伊丝\', '青萝', '韦胜', '青萝', '呼延崇', '青萝'], 'SR': ['常逸风', '高戚', '高戚'], 'SSR': ['李靖']}",['李靖'],60,1,3,6,1,"['伊丝\', '常逸风', '青萝', '韦胜', '青萝', '李靖', '高戚', '高戚', '呼延崇', '青萝']","[['伊丝\', '常逸风', '青萝', '韦胜', '青萝', '李靖', '高戚', '高戚', '呼延崇', '青萝'], ['5', '20', '5', '5', '5', '60', '20', '20', '5', '5'], ['R', 'SR', 'R', 'R', 'R', 'SSR', 'SR', 'SR', 'R', 'R']]"
170,ww_1,云山之巅,170,170,2023_12_19_14_53_21,2.0%+0.0%,"{'R': ['雅布斯', '朱浩', '韦胜', '雅布斯', '韦胜', '青萝', '希维亚', '雅布斯'], 'SR': ['朱缳', '相桓子'], 'SSR': []}",[],0,0,2,8,0,"['雅布斯', '朱浩', '韦胜', '朱缳', '雅布斯', '韦胜', '青萝', '相桓子', '希维亚', '雅布斯']","[['雅布斯', '朱浩', '韦胜', '朱缳', '雅布斯', '韦胜', '青萝', '相桓子', '希维亚', '雅布斯'], ['5', '5', '5', '20', '5', '5', '5', '20', '5', '5'], ['R', 'R', 'R', 'SR', 'R', 'R', 'R', 'SR', 'R', 'R']]"
180,ww_1,云山之巅,180,180,2023_12_19_14_53_56,2.0%+0.0%,"{'R': ['伊丝\', '韦胜', '应灵华', '希维亚', '阿尔泰巴', '希维亚', '伊丝\', '应灵华'], 'SR': ['紫蕴', '杨云佐'], 'SSR': []}",[],0,0,2,8,0,"['伊丝\', '韦胜', '应灵华', '希维亚', '阿尔泰巴', '希维亚', '紫蕴', '伊丝\', '杨云佐', '应灵华']","[['伊丝\', '韦胜', '应灵华', '希维亚', '阿尔泰巴', '希维亚', '紫蕴', '伊丝\', '杨云佐', '应灵华'], ['5', '5', '5', '5', '5', '5', '20', '5', '20', '5'], ['R', 'R', 'R', 'R', 'R', 'R', 'SR', 'R', 'SR', 'R']]"
190,ww_1,云山之巅,190,190,2023_12_19_14_54_31,2.0%+0.0%,"{'R': ['高世津', '高世津', '阿尔泰巴', '伊丝\', '希维亚', '高世津', '高世津', '朱浩'], 'SR': ['白菀', '幻镜胧妖'], 'SSR': []}",[],0,0,2,8,0,"['高世津', '高世津', '阿尔泰巴', '伊丝\', '希维亚', '高世津', '高世津', '朱浩', '白菀', '幻镜胧妖']","[['高世津', '高世津', '阿尔泰巴', '伊丝\', '希维亚', '高世津', '高世津', '朱浩', '白菀', '幻镜胧妖'], ['5', '5', '5', '5', '5', '5', '5', '5', '20', '20'], ['R', 'R', 'R', 'R', 'R', 'R', 'R', 'R', 'SR', 'SR']]"
200,ww_1,云山之巅,200,200,2023_12_19_14_55_07,2.0%+0.0%,"{'R': ['应灵华', '朱浩', '伊丝\', '青萝', '呼延崇', '阿尔泰巴'], 'SR': ['高戚', '阳寰', '李盈凤', '慕容筝'], 'SSR': []}",[],0,0,4,6,0,"['应灵华', '朱浩', '伊丝\', '高戚', '青萝', '呼延崇', '阳寰', '李盈凤', '阿尔泰巴', '慕容筝']","[['应灵华', '朱浩', '伊丝\', '高戚', '青萝', '呼延崇', '阳寰', '李盈凤', '阿尔泰巴', '慕容筝'], ['5', '5', '5', '20', '5', '5', '20', '20', '5', '20'], ['R', 'R', 'R', 'SR', 'R', 'R', 'SR', 'SR', 'R', 'SR']]"
210,ww_1,挑灯看剑,210,10,2023_12_19_14_56_18,2.0%+2.0%,"{'R': ['应灵华', '朱浩', '呼延崇', '呼延崇', '雅布斯', '高世津', '阿尔泰巴'], 'SR': ['慕容筝', '太渊隐逸', '韩无砂'], 'SSR': []}",[],0,0,3,7,0,"['慕容筝', '应灵华', '朱浩', '太渊隐逸', '呼延崇', '呼延崇', '雅布斯', '高世津', '阿尔泰巴', '韩无砂']","[['慕容筝', '应灵华', '朱浩', '太渊隐逸', '呼延崇', '呼延崇', '雅布斯', '高世津', '阿尔泰巴', '韩无砂'], ['20', '5', '5', '20', '5', '5', '5', '5', '5', '20'], ['SR', 'R', 'R', 'SR', 'R', 'R', 'R', 'R', 'R', 'SR']]"
220,ww_1,挑灯看剑,220,20,2023_12_19_14_56_54,2.0%+7.0%,"{'R': ['雅布斯', '伊丝\', '阿尔泰巴', '韦胜', '雅布斯', '朱浩', '韦胜', '伊丝\', '希维亚'], 'SR': ['阳寰'], 'SSR': []}",[],0,0,1,9,0,"['阳寰', '雅布斯', '伊丝\', '阿尔泰巴', '韦胜', '雅布斯', '朱浩', '韦胜', '伊丝\', '希维亚']","[['阳寰', '雅布斯', '伊丝\', '阿尔泰巴', '韦胜', '雅布斯', '朱浩', '韦胜', '伊丝\', '希维亚'], ['20', '5', '5', '5', '5', '5', '5', '5', '5', '5'], ['SR', 'R', 'R', 'R', 'R', 'R', 'R', 'R', 'R', 'R']]"
230,ww_1,挑灯看剑,230,30,2023_12_19_14_57_30,2.0%+0.0%,"{'R': ['呼延崇', '应灵华', '阿尔泰巴', '高世津', '雅布斯', '应灵华', '高世津'], 'SR': ['应奉仁', '慕容筝'], 'SSR': ['铁手夏侯仪']}",['铁手夏侯仪'],30,1,2,7,1,"['呼延崇', '应灵华', '阿尔泰巴', '铁手夏侯仪', '应奉仁', '高世津', '雅布斯', '应灵华', '慕容筝', '高世津']","[['呼延崇', '应灵华', '阿尔泰巴', '铁手夏侯仪', '应奉仁', '高世津', '雅布斯', '应灵华', '慕容筝', '高世津'], ['5', '5', '5', '60', '20', '5', '5', '5', '20', '5'], ['R', 'R', 'R', 'SSR', 'SR', 'R', 'R', 'R', 'SR', 'R']]"
240,ww_1,挑灯看剑,240,40,2023_12_19_14_58_06,2.0%+0.0%,"{'R': ['青萝', '朱浩', '阿尔泰巴', '呼延崇', '呼延崇', '伊丝\', '希维亚', '希维亚', '阿尔泰巴'], 'SR': ['高戚'], 'SSR': []}",[],0,0,1,9,0,"['青萝', '朱浩', '阿尔泰巴', '呼延崇', '呼延崇', '高戚', '伊丝\', '希维亚', '希维亚', '阿尔泰巴']","[['青萝', '朱浩', '阿尔泰巴', '呼延崇', '呼延崇', '高戚', '伊丝\', '希维亚', '希维亚', '阿尔泰巴'], ['5', '5', '5', '5', '5', '20', '5', '5', '5', '5'], ['R', 'R', 'R', 'R', 'R', 'SR', 'R', 'R', 'R', 'R']]"
250,ww_1,挑灯看剑,250,50,2023_12_19_14_58_41,2.0%+0.0%,"{'R': ['韦胜', '高世津', '应灵华', '阿尔泰巴', '呼延崇', '呼延崇', '应灵华', '朱浩'], 'SR': ['朱缳', '幻镜胧妖'], 'SSR': []}",[],0,0,2,8,0,"['韦胜', '高世津', '应灵华', '阿尔泰巴', '呼延崇', '呼延崇', '应灵华', '朱缳', '幻镜胧妖', '朱浩']","[['韦胜', '高世津', '应灵华', '阿尔泰巴', '呼延崇', '呼延崇', '应灵华', '朱缳', '幻镜胧妖', '朱浩'], ['5', '5', '5', '5', '5', '5', '5', '20', '20', '5'], ['R', 'R', 'R', 'R', 'R', 'R', 'R', 'SR', 'SR', 'R']]"
260,ww_1,挑灯看剑,260,60,2023_12_19_14_59_17,2.0%+0.0%,"{'R': ['阿尔泰巴', '应灵华', '青萝', '雅布斯', '阿尔泰巴', '应灵华', '应灵华', '青萝', '青萝'], 'SR': ['周崇'], 'SSR': []}",[],0,0,1,9,0,"['阿尔泰巴', '应灵华', '青萝', '雅布斯', '周崇', '阿尔泰巴', '应灵华', '应灵华', '青萝', '青萝']","[['阿尔泰巴', '应灵华', '青萝', '雅布斯', '周崇', '阿尔泰巴', '应灵华', '应灵华', '青萝', '青萝'], ['5', '5', '5', '5', '20', '5', '5', '5', '5', '5'], ['R', 'R', 'R', 'R', 'SR', 'R', 'R', 'R', 'R', 'R']]"
270,ww_1,挑灯看剑,270,70,2023_12_19_14_59_53,2.0%+0.0%,"{'R': ['韦胜', '雅布斯', '希维亚', '高世津', '希维亚', '呼延崇', '韦胜', '希维亚', '雅布斯'], 'SR': ['周崇'], 'SSR': []}",[],0,0,1,9,0,"['韦胜', '周崇', '雅布斯', '希维亚', '高世津', '希维亚', '呼延崇', '韦胜', '希维亚', '雅布斯']","[['韦胜', '周崇', '雅布斯', '希维亚', '高世津', '希维亚', '呼延崇', '韦胜', '希维亚', '雅布斯'], ['5', '20', '5', '5', '5', '5', '5', '5', '5', '5'], ['R', 'SR', 'R', 'R', 'R', 'R', 'R', 'R', 'R', 'R']]"
280,ww_1,挑灯看剑,280,80,2023_12_19_15_00_29,2.0%+3.0%,"{'R': ['希维亚', '韦胜', '伊丝\', '朱浩', '朱浩', '呼延崇', '希维亚'], 'SR': ['常逸风', '阳寰', '司徒缨'], 'SSR': []}",[],0,0,3,7,0,"['常逸风', '希维亚', '韦胜', '阳寰', '伊丝\', '朱浩', '朱浩', '司徒缨', '呼延崇', '希维亚']","[['常逸风', '希维亚', '韦胜', '阳寰', '伊丝\', '朱浩', '朱浩', '司徒缨', '呼延崇', '希维亚'], ['20', '5', '5', '20', '5', '5', '5', '20', '5', '5'], ['SR', 'R', 'R', 'SR', 'R', 'R', 'R', 'SR', 'R', 'R']]"
290,ww_1,挑灯看剑,290,90,2023_12_19_15_01_05,2.0%+8.0%,"{'R': ['阿尔泰巴', '青萝', '韦胜', '伊丝\', '高世津', '韦胜', '高世津', '希维亚', '高世津'], 'SR': ['应奉仁'], 'SSR': []}",[],0,0,1,9,0,"['阿尔泰巴', '青萝', '韦胜', '伊丝\', '高世津', '韦胜', '高世津', '希维亚', '高世津', '应奉仁']","[['阿尔泰巴', '青萝', '韦胜', '伊丝\', '高世津', '韦胜', '高世津', '希维亚', '高世津', '应奉仁'], ['5', '5', '5', '5', '5', '5', '5', '5', '5', '20'], ['R', 'R', 'R', 'R', 'R', 'R', 'R', 'R', 'R', 'SR']]"
300,ww_1,挑灯看剑,300,100,2023_12_19_15_01_40,2.0%+13.0%,"{'R': ['呼延崇', '阿尔泰巴', '应灵华', '阿尔泰巴', '伊丝\', '朱浩', '希维亚', '阿尔泰巴'], 'SR': ['朱缳', '赫兰铁罕'], 'SSR': []}",[],0,0,2,8,0,"['呼延崇', '阿尔泰巴', '应灵华', '朱缳', '阿尔泰巴', '伊丝\', '朱浩', '希维亚', '赫兰铁罕', '阿尔泰巴']","[['呼延崇', '阿尔泰巴', '应灵华', '朱缳', '阿尔泰巴', '伊丝\', '朱浩', '希维亚', '赫兰铁罕', '阿尔泰巴'], ['5', '5', '5', '20', '5', '5', '5', '5', '20', '5'], ['R', 'R', 'R', 'SR', 'R', 'R', 'R', 'R', 'SR', 'R']]"
310,ww_1,挑灯看剑,310,110,2023_12_19_15_02_16,2.0%+18.0%,"{'R': ['青萝', '朱浩', '呼延崇', '韦胜', '阿尔泰巴', '呼延崇', '雅布斯', '阿尔泰巴'], 'SR': ['白菀', '赫兰铁罕'], 'SSR': []}",[],0,0,2,8,0,"['青萝', '朱浩', '呼延崇', '韦胜', '阿尔泰巴', '白菀', '呼延崇', '赫兰铁罕', '雅布斯', '阿尔泰巴']","[['青萝', '朱浩', '呼延崇', '韦胜', '阿尔泰巴', '白菀', '呼延崇', '赫兰铁罕', '雅布斯', '阿尔泰巴'], ['5', '5', '5', '5', '5', '20', '5', '20', '5', '5'], ['R', 'R', 'R', 'R', 'R', 'SR', 'R', 'SR', 'R', 'R']]"
320,ww_1,挑灯看剑,320,120,2023_12_19_15_02_52,2.0%+0.0%,"{'R': ['高世津', '应灵华', '青萝', '阿尔泰巴', '伊丝\', '呼延崇', '希维亚', '韦胜'], 'SR': ['太渊隐逸'], 'SSR': ['铁手夏侯仪']}",['铁手夏侯仪'],90,1,1,8,1,"['高世津', '太渊隐逸', '铁手夏侯仪', '应灵华', '青萝', '阿尔泰巴', '伊丝\', '呼延崇', '希维亚', '韦胜']","[['高世津', '太渊隐逸', '铁手夏侯仪', '应灵华', '青萝', '阿尔泰巴', '伊丝\', '呼延崇', '希维亚', '韦胜'], ['5', '20', '60', '5', '5', '5', '5', '5', '5', '5'], ['R', 'SR', 'SSR', 'R', 'R', 'R', 'R', 'R', 'R', 'R']]"
330,ww_1,挑灯看剑,330,130,2023_12_19_15_03_28,2.0%+0.0%,"{'R': ['韦胜', '呼延崇', '阿尔泰巴', '阿尔泰巴', '伊丝\', '阿尔泰巴', '呼延崇', '朱浩'], 'SR': ['韩无砂', '应奉仁'], 'SSR': []}",[],0,0,2,8,0,"['韩无砂', '韦胜', '呼延崇', '阿尔泰巴', '阿尔泰巴', '伊丝\', '阿尔泰巴', '呼延崇', '应奉仁', '朱浩']","[['韩无砂', '韦胜', '呼延崇', '阿尔泰巴', '阿尔泰巴', '伊丝\', '阿尔泰巴', '呼延崇', '应奉仁', '朱浩'], ['20', '5', '5', '5', '5', '5', '5', '5', '20', '5'], ['SR', 'R', 'R', 'R', 'R', 'R', 'R', 'R', 'SR', 'R']]"
340,ww_1,挑灯看剑,340,140,2023_12_19_15_04_03,2.0%+0.0%,"{'R': ['青萝', '应灵华', '雅布斯', '青萝', '应灵华', '希维亚', '希维亚', '希维亚', '朱浩'], 'SR': ['太渊隐逸'], 'SSR': []}",[],0,0,1,9,0,"['青萝', '应灵华', '雅布斯', '青萝', '应灵华', '希维亚', '希维亚', '希维亚', '太渊隐逸', '朱浩']","[['青萝', '应灵华', '雅布斯', '青萝', '应灵华', '希维亚', '希维亚', '希维亚', '太渊隐逸', '朱浩'], ['5', '5', '5', '5', '5', '5', '5', '5', '20', '5'], ['R', 'R', 'R', 'R', 'R', 'R', 'R', 'R', 'SR', 'R']]"
350,ww_1,挑灯看剑,350,150,2023_12_19_15_04_39,2.0%+0.0%,"{'R': ['伊丝\', '应灵华', '韦胜', '韦胜', '朱浩', '高世津', '雅布斯'], 'SR': ['赫兰铁罕', '赫兰铁罕', '相桓子'], 'SSR': []}",[],0,0,3,7,0,"['赫兰铁罕', '伊丝\', '应灵华', '赫兰铁罕', '相桓子', '韦胜', '韦胜', '朱浩', '高世津', '雅布斯']","[['赫兰铁罕', '伊丝\', '应灵华', '赫兰铁罕', '相桓子', '韦胜', '韦胜', '朱浩', '高世津', '雅布斯'], ['20', '5', '5', '20', '20', '5', '5', '5', '5', '5'], ['SR', 'R', 'R', 'SR', 'SR', 'R', 'R', 'R', 'R', 'R']]"
360,ww_1,挑灯看剑,360,160,2023_12_19_15_05_15,2.0%+0.0%,"{'R': ['朱浩', '应灵华', '希维亚', '高世津', '应灵华', '青萝', '雅布斯', '韦胜'], 'SR': ['李盈凤', '相桓子'], 'SSR': []}",[],0,0,2,8,0,"['朱浩', '应灵华', '希维亚', '高世津', '应灵华', '青萝', '李盈凤', '雅布斯', '韦胜', '相桓子']","[['朱浩', '应灵华', '希维亚', '高世津', '应灵华', '青萝', '李盈凤', '雅布斯', '韦胜', '相桓子'], ['5', '5', '5', '5', '5', '5', '20', '5', '5', '20'], ['R', 'R', 'R', 'R', 'R', 'R', 'SR', 'R', 'R', 'SR']]"
370,ww_1,挑灯看剑,370,170,2023_12_19_15_05_51,2.0%+3.5%,"{'R': ['应灵华', '应灵华', '高世津', '高世津', '韦胜', '高世津', '高世津', '朱浩', '希维亚'], 'SR': ['周崇'], 'SSR': []}",[],0,0,1,9,0,"['应灵华', '周崇', '应灵华', '高世津', '高世津', '韦胜', '高世津', '高世津', '朱浩', '希维亚']","[['应灵华', '周崇', '应灵华', '高世津', '高世津', '韦胜', '高世津', '高世津', '朱浩', '希维亚'], ['5', '20', '5', '5', '5', '5', '5', '5', '5', '5'], ['R', 'SR', 'R', 'R', 'R', 'R', 'R', 'R', 'R', 'R']]"
380,ww_1,挑灯看剑,380,180,2023_12_19_15_06_26,2.0%+0.0%,"{'R': ['希维亚', '高世津', '朱浩', '雅布斯', '希维亚', '应灵华'], 'SR': ['慕容筝', '司徒缨'], 'SSR': ['归棹', '殷千炀']}","['归棹', '殷千炀']",60,2,2,6,2,"['归棹', '希维亚', '慕容筝', '殷千炀', '高世津', '朱浩', '雅布斯', '希维亚', '司徒缨', '应灵华']","[['归棹', '希维亚', '慕容筝', '殷千炀', '高世津', '朱浩', '雅布斯', '希维亚', '司徒缨', '应灵华'], ['60', '5', '20', '60', '5', '5', '5', '5', '20', '5'], ['SSR', 'R', 'SR', 'SSR', 'R', 'R', 'R', 'R', 'SR', 'R']]"
390,ww_1,挑灯看剑,390,190,2023_12_19_15_07_02,2.0%+0.0%,"{'R': ['希维亚', '高世津', '阿尔泰巴', '希维亚', '青萝', '青萝', '高世津', '伊丝\', '伊丝\'], 'SR': ['应奉仁'], 'SSR': []}",[],0,0,1,9,0,"['希维亚', '应奉仁', '高世津', '阿尔泰巴', '希维亚', '青萝', '青萝', '高世津', '伊丝\', '伊丝\']","[['希维亚', '应奉仁', '高世津', '阿尔泰巴', '希维亚', '青萝', '青萝', '高世津', '伊丝\', '伊丝\'], ['5', '20', '5', '5', '5', '5', '5', '5', '5', '5'], ['R', 'SR', 'R', 'R', 'R', 'R', 'R', 'R', 'R', 'R']]"
400,ww_1,挑灯看剑,400,200,2023_12_19_15_07_38,2.0%+0.0%,"{'R': ['阿尔泰巴', '青萝', '朱浩', '韦胜', '青萝', '韦胜'], 'SR': ['紫蕴', '李盈凤', '常逸风'], 'SSR': ['殷千炀']}",['殷千炀'],20,1,3,6,1,"['阿尔泰巴', '紫蕴', '青萝', '朱浩', '李盈凤', '殷千炀', '韦胜', '青萝', '常逸风', '韦胜']","[['阿尔泰巴', '紫蕴', '青萝', '朱浩', '李盈凤', '殷千炀', '韦胜', '青萝', '常逸风', '韦胜'], ['5', '20', '5', '5', '20', '60', '5', '5', '20', '5'], ['R', 'SR', 'R', 'R', 'SR', 'SSR', 'R', 'R', 'SR', 'R']]"
410,ww_2,云山之巅,10,10,2023_12_19_15_10_22,2.0%+0.0%,"{'R': ['呼延崇', '希维亚', '青萝', '希维亚', '韦胜', '伊丝\', '朱浩', '朱浩', '韦胜'], 'SR': ['紫蕴'], 'SSR': []}",[],0,0,1,9,0,"['呼延崇', '希维亚', '青萝', '希维亚', '韦胜', '伊丝\', '朱浩', '朱浩', '紫蕴', '韦胜']","[['呼延崇', '希维亚', '青萝', '希维亚', '韦胜', '伊丝\', '朱浩', '朱浩', '紫蕴', '韦胜'], ['5', '5', '5', '5', '5', '5', '5', '5', '20', '5'], ['R', 'R', 'R', 'R', 'R', 'R', 'R', 'R', 'SR', 'R']]"
420,ww_2,云山之巅,20,20,2023_12_19_15_10_56,2.0%+0.0%,"{'R': ['阿尔泰巴', '雅布斯', '雅布斯', '希维亚', '呼延崇', '雅布斯', '希维亚', '雅布斯', '青萝'], 'SR': ['朱缳'], 'SSR': []}",[],0,0,1,9,0,"['阿尔泰巴', '雅布斯', '雅布斯', '希维亚', '呼延崇', '雅布斯', '希维亚', '雅布斯', '朱缳', '青萝']","[['阿尔泰巴', '雅布斯', '雅布斯', '希维亚', '呼延崇', '雅布斯', '希维亚', '雅布斯', '朱缳', '青萝'], ['5', '5', '5', '5', '5', '5', '5', '5', '20', '5'], ['R', 'R', 'R', 'R', 'R', 'R', 'R', 'R', 'SR', 'R']]"
430,ww_2,云山之巅,30,30,2023_12_19_15_11_31,2.0%+0.0%,"{'R': ['应灵华', '应灵华', '呼延崇', '韦胜', '希维亚', '阿尔泰巴', '韦胜', '青萝', '朱浩'], 'SR': ['韩无砂'], 'SSR': []}",[],0,0,1,9,0,"['应灵华', '应灵华', '呼延崇', '韦胜', '希维亚', '阿尔泰巴', '韩无砂', '韦胜', '青萝', '朱浩']","[['应灵华', '应灵华', '呼延崇', '韦胜', '希维亚', '阿尔泰巴', '韩无砂', '韦胜', '青萝', '朱浩'], ['5', '5', '5', '5', '5', '5', '20', '5', '5', '5'], ['R', 'R', 'R', 'R', 'R', 'R', 'SR', 'R', 'R', 'R']]"
440,ww_2,云山之巅,40,40,2023_12_19_15_12_05,2.0%+0.5%,"{'R': ['应灵华', '呼延崇', '阿尔泰巴', '高世津', '高世津', '呼延崇', '雅布斯', '雅布斯', '阿尔泰巴'], 'SR': ['阳寰'], 'SSR': []}",[],0,0,1,9,0,"['应灵华', '呼延崇', '阿尔泰巴', '高世津', '阳寰', '高世津', '呼延崇', '雅布斯', '雅布斯', '阿尔泰巴']","[['应灵华', '呼延崇', '阿尔泰巴', '高世津', '阳寰', '高世津', '呼延崇', '雅布斯', '雅布斯', '阿尔泰巴'], ['5', '5', '5', '5', '20', '5', '5', '5', '5', '5'], ['R', 'R', 'R', 'R', 'SR', 'R', 'R', 'R', 'R', 'R']]"
450,ww_2,云山之巅,50,50,2023_12_19_15_12_40,2.0%+5.5%,"{'R': ['呼延崇', '阿尔泰巴', '朱浩', '高世津', '阿尔泰巴', '高世津', '韦胜', '韦胜', '希维亚'], 'SR': ['韩无砂'], 'SSR': []}",[],0,0,1,9,0,"['呼延崇', '阿尔泰巴', '朱浩', '高世津', '阿尔泰巴', '高世津', '韩无砂', '韦胜', '韦胜', '希维亚']","[['呼延崇', '阿尔泰巴', '朱浩', '高世津', '阿尔泰巴', '高世津', '韩无砂', '韦胜', '韦胜', '希维亚'], ['5', '5', '5', '5', '5', '5', '20', '5', '5', '5'], ['R', 'R', 'R', 'R', 'R', 'R', 'SR', 'R', 'R', 'R']]"
460,ww_2,云山之巅,60,60,2023_12_19_15_13_14,2.0%+0.0%,"{'R': ['希维亚', '希维亚', '希维亚', '阿尔泰巴', '朱浩', '呼延崇'], 'SR': ['相桓子', '幻镜胧妖', '慕容筝'], 'SSR': ['妮可']}",['妮可'],60,1,3,6,1,"['相桓子', '希维亚', '希维亚', '妮可', '希维亚', '幻镜胧妖', '阿尔泰巴', '朱浩', '呼延崇', '慕容筝']","[['相桓子', '希维亚', '希维亚', '妮可', '希维亚', '幻镜胧妖', '阿尔泰巴', '朱浩', '呼延崇', '慕容筝'], ['20', '5', '5', '60', '5', '20', '5', '5', '5', '20'], ['SR', 'R', 'R', 'SSR', 'R', 'SR', 'R', 'R', 'R', 'SR']]"
470,ww_2,云山之巅,70,70,2023_12_19_15_13_49,2.0%+0.0%,"{'R': ['高世津', '高世津', '朱浩', '朱浩', '应灵华', '高世津', '希维亚', '朱浩', '雅布斯'], 'SR': ['高戚'], 'SSR': []}",[],0,0,1,9,0,"['高戚', '高世津', '高世津', '朱浩', '朱浩', '应灵华', '高世津', '希维亚', '朱浩', '雅布斯']","[['高戚', '高世津', '高世津', '朱浩', '朱浩', '应灵华', '高世津', '希维亚', '朱浩', '雅布斯'], ['20', '5', '5', '5', '5', '5', '5', '5', '5', '5'], ['SR', 'R', 'R', 'R', 'R', 'R', 'R', 'R', 'R', 'R']]"
480,ww_2,云山之巅,80,80,2023_12_19_15_14_23,2.0%+0.0%,"{'R': ['青萝', '韦胜', '高世津', '伊丝\', '雅布斯', '伊丝\'], 'SR': ['太渊隐逸', '周崇', '应奉仁'], 'SSR': []}",[],0,1,3,6,0,"['青萝', '太渊隐逸', '周崇', '韦胜', '高世津', '应奉仁', '伊丝\', '雅布斯', '伊丝\']","[['青萝', '太渊隐逸', '周崇', '韦胜', '高世津', '应奉仁', '伊丝\', '雅布斯', '伊丝\'], ['5', '20', '20', '5', '5', '20', '60', '5', '5', '5'], ['R', 'SR', 'SR', 'R', 'R', 'SR', 'SSR', 'R', 'R', 'R']]"
490,ww_2,云山之巅,90,90,2023_12_19_15_14_58,2.0%+0.0%,"{'R': ['应灵华', '伊丝\', '朱浩', '阿尔泰巴', '朱浩', '应灵华', '呼延崇', '应灵华', '雅布斯'], 'SR': ['白菀'], 'SSR': []}",[],0,0,1,9,0,"['应灵华', '伊丝\', '朱浩', '阿尔泰巴', '朱浩', '应灵华', '呼延崇', '应灵华', '白菀', '雅布斯']","[['应灵华', '伊丝\', '朱浩', '阿尔泰巴', '朱浩', '应灵华', '呼延崇', '应灵华', '白菀', '雅布斯'], ['5', '5', '5', '5', '5', '5', '5', '5', '20', '5'], ['R', 'R', 'R', 'R', 'R', 'R', 'R', 'R', 'SR', 'R']]"
500,ww_2,云山之巅,100,100,2023_12_19_15_15_32,2.0%+0.0%,"{'R': ['希维亚', '雅布斯', '希维亚', '伊丝\', '朱浩', '阿尔泰巴', '青萝', '希维亚'], 'SR': ['朱缳', '紫蕴'], 'SSR': []}",[],0,0,2,8,0,"['希维亚', '雅布斯', '朱缳', '紫蕴', '希维亚', '伊丝\', '朱浩', '阿尔泰巴', '青萝', '希维亚']","[['希维亚', '雅布斯', '朱缳', '紫蕴', '希维亚', '伊丝\', '朱浩', '阿尔泰巴', '青萝', '希维亚'], ['5', '5', '20', '20', '5', '5', '5', '5', '5', '5'], ['R', 'R', 'SR', 'SR', 'R', 'R', 'R', 'R', 'R', 'R']]"
510,ww_2,云山之巅,110,110,2023_12_19_15_16_07,2.0%+0.0%,"{'R': ['朱浩', '青萝', '应灵华', '朱浩', '希维亚', '青萝', '阿尔泰巴', '阿尔泰巴'], 'SR': ['应奉仁'], 'SSR': ['妮可']}",['妮可'],50,1,1,8,1,"['应奉仁', '朱浩', '青萝', '应灵华', '妮可', '朱浩', '希维亚', '青萝', '阿尔泰巴', '阿尔泰巴']","[['应奉仁', '朱浩', '青萝', '应灵华', '妮可', '朱浩', '希维亚', '青萝', '阿尔泰巴', '阿尔泰巴'], ['20', '5', '5', '5', '60', '5', '5', '5', '5', '5'], ['SR', 'R', 'R', 'R', 'SSR', 'R', 'R', 'R', 'R', 'R']]"
520,ww_2,云山之巅,120,120,2023_12_19_15_16_41,2.0%+0.0%,"{'R': ['青萝', '青萝', '伊丝\', '希维亚', '青萝', '韦胜', '希维亚'], 'SR': ['杨云佐', '赫兰铁罕', '司徒缨'], 'SSR': []}",[],0,0,3,7,0,"['青萝', '青萝', '伊丝\', '杨云佐', '赫兰铁罕', '希维亚', '司徒缨', '青萝', '韦胜', '希维亚']","[['青萝', '青萝', '伊丝\', '杨云佐', '赫兰铁罕', '希维亚', '司徒缨', '青萝', '韦胜', '希维亚'], ['5', '5', '5', '20', '20', '5', '20', '5', '5', '5'], ['R', 'R', 'R', 'SR', 'SR', 'R', 'SR', 'R', 'R', 'R']]"
530,ww_2,云山之巅,130,130,2023_12_19_15_17_16,2.0%+0.0%,"{'R': ['希维亚', '高世津', '韦胜', '青萝', '青萝', '韦胜', '青萝', '韦胜'], 'SR': ['朱缳', '紫蕴'], 'SSR': []}",[],0,0,2,8,0,"['希维亚', '高世津', '韦胜', '朱缳', '青萝', '青萝', '紫蕴', '韦胜', '青萝', '韦胜']","[['希维亚', '高世津', '韦胜', '朱缳', '青萝', '青萝', '紫蕴', '韦胜', '青萝', '韦胜'], ['5', '5', '5', '20', '5', '5', '20', '5', '5', '5'], ['R', 'R', 'R', 'SR', 'R', 'R', 'SR', 'R', 'R', 'R']]"
540,ww_2,云山之巅,140,140,2023_12_19_15_17_50,2.0%+0.0%,"{'R': ['应灵华', '伊丝\', '应灵华', '青萝', '阿尔泰巴', '青萝', '韦胜', '雅布斯', '应灵华'], 'SR': ['幻镜胧妖'], 'SSR': []}",[],0,0,1,9,0,"['应灵华', '伊丝\', '应灵华', '青萝', '幻镜胧妖', '阿尔泰巴', '青萝', '韦胜', '雅布斯', '应灵华']","[['应灵华', '伊丝\', '应灵华', '青萝', '幻镜胧妖', '阿尔泰巴', '青萝', '韦胜', '雅布斯', '应灵华'], ['5', '5', '5', '5', '20', '5', '5', '5', '5', '5'], ['R', 'R', 'R', 'R', 'SR', 'R', 'R', 'R', 'R', 'R']]"
550,ww_2,云山之巅,150,150,2023_12_19_15_18_25,2.0%+0.0%,"{'R': ['韦胜', '雅布斯', '朱浩', '呼延崇', '青萝', '呼延崇', '韦胜', '呼延崇', '青萝'], 'SR': ['周崇'], 'SSR': []}",[],0,0,1,9,0,"['韦胜', '雅布斯', '周崇', '朱浩', '呼延崇', '青萝', '呼延崇', '韦胜', '呼延崇', '青萝']","[['韦胜', '雅布斯', '周崇', '朱浩', '呼延崇', '青萝', '呼延崇', '韦胜', '呼延崇', '青萝'], ['5', '5', '20', '5', '5', '5', '5', '5', '5', '5'], ['R', 'R', 'SR', 'R', 'R', 'R', 'R', 'R', 'R', 'R']]"
560,ww_2,云山之巅,160,160,2023_12_19_15_18_59,2.0%+0.0%,"{'R': ['朱浩', '伊丝\', '青萝', '韦胜', '希维亚', '阿尔泰巴', '韦胜'], 'SR': ['司徒缨', '应奉仁'], 'SSR': ['妮可']}",['妮可'],50,1,2,7,1,"['司徒缨', '朱浩', '妮可', '伊丝\', '青萝', '韦胜', '希维亚', '阿尔泰巴', '应奉仁', '韦胜']","[['司徒缨', '朱浩', '妮可', '伊丝\', '青萝', '韦胜', '希维亚', '阿尔泰巴', '应奉仁', '韦胜'], ['20', '5', '60', '5', '5', '5', '5', '5', '20', '5'], ['SR', 'R', 'SSR', 'R', 'R', 'R', 'R', 'R', 'SR', 'R']]"
570,ww_2,云山之巅,170,170,2023_12_19_15_19_34,2.0%+0.0%,"{'R': ['朱浩', '应灵华', '伊丝\', '青萝', '伊丝\', '朱浩', '阿尔泰巴', '应灵华', '朱浩'], 'SR': ['朱缳'], 'SSR': []}",[],0,0,1,9,0,"['朱浩', '应灵华', '伊丝\', '青萝', '伊丝\', '朱缳', '朱浩', '阿尔泰巴', '应灵华', '朱浩']","[['朱浩', '应灵华', '伊丝\', '青萝', '伊丝\', '朱缳', '朱浩', '阿尔泰巴', '应灵华', '朱浩'], ['5', '5', '5', '5', '5', '20', '5', '5', '5', '5'], ['R', 'R', 'R', 'R', 'R', 'SR', 'R', 'R', 'R', 'R']]"
580,ww_2,云山之巅,180,180,2023_12_19_15_20_09,2.0%+0.0%,"{'R': ['韦胜', '青萝', '青萝', '朱浩', '高世津', '雅布斯', '伊丝\', '韦胜'], 'SR': ['杨云佐', '司徒缨'], 'SSR': []}",[],0,0,2,8,0,"['韦胜', '杨云佐', '青萝', '司徒缨', '青萝', '朱浩', '高世津', '雅布斯', '伊丝\', '韦胜']","[['韦胜', '杨云佐', '青萝', '司徒缨', '青萝', '朱浩', '高世津', '雅布斯', '伊丝\', '韦胜'], ['5', '20', '5', '20', '5', '5', '5', '5', '5', '5'], ['R', 'SR', 'R', 'SR', 'R', 'R', 'R', 'R', 'R', 'R']]"
590,ww_2,云山之巅,190,190,2023_12_19_15_20_43,2.0%+0.0%,"{'R': ['朱浩', '青萝', '阿尔泰巴', '应灵华', '青萝', '青萝', '朱浩'], 'SR': ['白菀', '相桓子', '太渊隐逸'], 'SSR': []}",[],0,0,3,7,0,"['朱浩', '青萝', '阿尔泰巴', '应灵华', '白菀', '青萝', '相桓子', '青萝', '太渊隐逸', '朱浩']","[['朱浩', '青萝', '阿尔泰巴', '应灵华', '白菀', '青萝', '相桓子', '青萝', '太渊隐逸', '朱浩'], ['5', '5', '5', '5', '20', '5', '20', '5', '20', '5'], ['R', 'R', 'R', 'R', 'SR', 'R', 'SR', 'R', 'SR', 'R']]"
600,ww_2,云山之巅,200,200,2023_12_19_15_21_18,2.0%+0.0%,"{'R': ['韦胜', '伊丝\', '高世津', '雅布斯', '朱浩', '朱浩', '青萝', '高世津'], 'SR': ['司徒缨', '司徒缨'], 'SSR': []}",[],0,0,2,8,0,"['司徒缨', '韦胜', '伊丝\', '高世津', '雅布斯', '朱浩', '司徒缨', '朱浩', '青萝', '高世津']","[['司徒缨', '韦胜', '伊丝\', '高世津', '雅布斯', '朱浩', '司徒缨', '朱浩', '青萝', '高世津'], ['20', '5', '5', '5', '5', '5', '20', '5', '5', '5'], ['SR', 'R', 'R', 'R', 'R', 'R', 'SR', 'R', 'R', 'R']]"
610,ww_2,挑灯看剑,210,10,2023_12_19_15_22_29,2.0%+0.0%,"{'R': ['韦胜', '希维亚', '青萝', '应灵华', '青萝', '应灵华', '阿尔泰巴', '应灵华'], 'SR': ['太渊隐逸'], 'SSR': ['归棹']}",['归棹'],10,1,1,8,1,"['韦胜', '希维亚', '青萝', '应灵华', '青萝', '太渊隐逸', '应灵华', '阿尔泰巴', '归棹', '应灵华']","[['韦胜', '希维亚', '青萝', '应灵华', '青萝', '太渊隐逸', '应灵华', '阿尔泰巴', '归棹', '应灵华'], ['5', '5', '5', '5', '5', '20', '5', '5', '60', '5'], ['R', 'R', 'R', 'R', 'R', 'SR', 'R', 'R', 'SSR', 'R']]"
620,ww_2,挑灯看剑,220,20,2023_12_19_15_23_04,2.0%+0.0%,"{'R': ['韦胜', '韦胜', '青萝', '高世津', '伊丝\', '朱浩', '青萝', '高世津', '希维亚'], 'SR': ['阳寰'], 'SSR': []}",[],0,0,1,9,0,"['韦胜', '阳寰', '韦胜', '青萝', '高世津', '伊丝\', '朱浩', '青萝', '高世津', '希维亚']","[['韦胜', '阳寰', '韦胜', '青萝', '高世津', '伊丝\', '朱浩', '青萝', '高世津', '希维亚'], ['5', '20', '5', '5', '5', '5', '5', '5', '5', '5'], ['R', 'SR', 'R', 'R', 'R', 'R', 'R', 'R', 'R', 'R']]"
630,ww_2,挑灯看剑,230,30,2023_12_19_15_23_38,2.0%+0.0%,"{'R': ['青萝', '应灵华', '青萝', '希维亚', '雅布斯', '希维亚', '韦胜', '高世津'], 'SR': ['阳寰', '常逸风'], 'SSR': []}",[],0,0,2,8,0,"['青萝', '应灵华', '青萝', '希维亚', '雅布斯', '阳寰', '希维亚', '韦胜', '高世津', '常逸风']","[['青萝', '应灵华', '青萝', '希维亚', '雅布斯', '阳寰', '希维亚', '韦胜', '高世津', '常逸风'], ['5', '5', '5', '5', '5', '20', '5', '5', '5', '20'], ['R', 'R', 'R', 'R', 'R', 'SR', 'R', 'R', 'R', 'SR']]"
640,ww_2,挑灯看剑,240,40,2023_12_19_15_24_13,2.0%+0.0%,"{'R': ['希维亚', '高世津', '高世津', '应灵华', '青萝', '伊丝\', '高世津', '朱浩'], 'SR': ['紫蕴', '应奉仁'], 'SSR': []}",[],0,0,2,8,0,"['希维亚', '高世津', '紫蕴', '高世津', '应灵华', '青萝', '伊丝\', '高世津', '朱浩', '应奉仁']","[['希维亚', '高世津', '紫蕴', '高世津', '应灵华', '青萝', '伊丝\', '高世津', '朱浩', '应奉仁'], ['5', '5', '20', '5', '5', '5', '5', '5', '5', '20'], ['R', 'R', 'SR', 'R', 'R', 'R', 'R', 'R', 'R', 'SR']]"
650,ww_2,挑灯看剑,250,50,2023_12_19_15_24_48,2.0%+0.0%,"{'R': ['应灵华', '雅布斯', '韦胜', '高世津', '希维亚', '雅布斯', '伊丝\', '应灵华', '韦胜'], 'SR': ['司徒缨'], 'SSR': []}",[],0,0,1,9,0,"['应灵华', '司徒缨', '雅布斯', '韦胜', '高世津', '希维亚', '雅布斯', '伊丝\', '应灵华', '韦胜']","[['应灵华', '司徒缨', '雅布斯', '韦胜', '高世津', '希维亚', '雅布斯', '伊丝\', '应灵华', '韦胜'], ['5', '20', '5', '5', '5', '5', '5', '5', '5', '5'], ['R', 'SR', 'R', 'R', 'R', 'R', 'R', 'R', 'R', 'R']]"
660,ww_2,挑灯看剑,260,60,2023_12_19_15_25_22,2.0%+0.5%,"{'R': ['青萝', '阿尔泰巴', '阿尔泰巴', '朱浩', '应灵华', '伊丝\', '呼延崇'], 'SR': ['杨云佐', '杨云佐', '应奉仁'], 'SSR': []}",[],0,0,3,7,0,"['青萝', '杨云佐', '杨云佐', '阿尔泰巴', '应奉仁', '阿尔泰巴', '朱浩', '应灵华', '伊丝\', '呼延崇']","[['青萝', '杨云佐', '杨云佐', '阿尔泰巴', '应奉仁', '阿尔泰巴', '朱浩', '应灵华', '伊丝\', '呼延崇'], ['5', '20', '20', '5', '20', '5', '5', '5', '5', '5'], ['R', 'SR', 'SR', 'R', 'SR', 'R', 'R', 'R', 'R', 'R']]"
670,ww_2,挑灯看剑,270,70,2023_12_19_15_25_57,2.0%+5.5%,"{'R': ['雅布斯', '雅布斯', '朱浩', '高世津', '阿尔泰巴', '伊丝\', '阿尔泰巴', '韦胜', '青萝'], 'SR': ['司徒缨'], 'SSR': []}",[],0,0,1,9,0,"['雅布斯', '雅布斯', '朱浩', '高世津', '司徒缨', '阿尔泰巴', '伊丝\', '阿尔泰巴', '韦胜', '青萝']","[['雅布斯', '雅布斯', '朱浩', '高世津', '司徒缨', '阿尔泰巴', '伊丝\', '阿尔泰巴', '韦胜', '青萝'], ['5', '5', '5', '5', '20', '5', '5', '5', '5', '5'], ['R', 'R', 'R', 'R', 'SR', 'R', 'R', 'R', 'R', 'R']]"
680,ww_2,挑灯看剑,280,80,2023_12_19_15_26_32,2.0%+10.5%,"{'R': ['朱浩', '韦胜', '伊丝\', '雅布斯', '伊丝\', '雅布斯', '希维亚', '朱浩'], 'SR': ['周崇', '韩无砂'], 'SSR': []}",[],0,0,2,8,0,"['朱浩', '韦胜', '伊丝\', '周崇', '雅布斯', '伊丝\', '雅布斯', '希维亚', '朱浩', '韩无砂']","[['朱浩', '韦胜', '伊丝\', '周崇', '雅布斯', '伊丝\', '雅布斯', '希维亚', '朱浩', '韩无砂'], ['5', '5', '5', '20', '5', '5', '5', '5', '5', '20'], ['R', 'R', 'R', 'SR', 'R', 'R', 'R', 'R', 'R', 'SR']]"
690,ww_2,挑灯看剑,290,90,2023_12_19_15_27_06,2.0%+0.0%,"{'R': ['雅布斯', '呼延崇', '雅布斯', '伊丝\', '雅布斯', '朱浩', '雅布斯'], 'SR': ['李盈凤', '慕容筝'], 'SSR': ['殷千炀']}",['殷千炀'],80,1,2,7,1,"['雅布斯', '殷千炀', '呼延崇', '雅布斯', '李盈凤', '伊丝\', '慕容筝', '雅布斯', '朱浩', '雅布斯']","[['雅布斯', '殷千炀', '呼延崇', '雅布斯', '李盈凤', '伊丝\', '慕容筝', '雅布斯', '朱浩', '雅布斯'], ['5', '60', '5', '5', '20', '5', '20', '5', '5', '5'], ['R', 'SSR', 'R', 'R', 'SR', 'R', 'SR', 'R', 'R', 'R']]"
700,ww_2,挑灯看剑,300,100,2023_12_19_15_27_41,2.0%+0.0%,"{'R': ['高世津', '阿尔泰巴', '韦胜', '应灵华', '青萝', '朱浩', '朱浩', '应灵华'], 'SR': ['相桓子', '慕容筝'], 'SSR': []}",[],0,0,2,8,0,"['高世津', '相桓子', '阿尔泰巴', '韦胜', '应灵华', '青萝', '朱浩', '朱浩', '应灵华', '慕容筝']","[['高世津', '相桓子', '阿尔泰巴', '韦胜', '应灵华', '青萝', '朱浩', '朱浩', '应灵华', '慕容筝'], ['5', '20', '5', '5', '5', '5', '5', '5', '5', '20'], ['R', 'SR', 'R', 'R', 'R', 'R', 'R', 'R', 'R', 'SR']]"
710,ww_2,挑灯看剑,310,110,2023_12_19_15_28_16,2.0%+0.0%,"{'R': ['朱浩', '高世津', '雅布斯', '韦胜', '伊丝\', '希维亚', '阿尔泰巴', '青萝', '韦胜'], 'SR': ['高戚'], 'SSR': []}",[],0,0,1,9,0,"['朱浩', '高戚', '高世津', '雅布斯', '韦胜', '伊丝\', '希维亚', '阿尔泰巴', '青萝', '韦胜']","[['朱浩', '高戚', '高世津', '雅布斯', '韦胜', '伊丝\', '希维亚', '阿尔泰巴', '青萝', '韦胜'], ['5', '20', '5', '5', '5', '5', '5', '5', '5', '5'], ['R', 'SR', 'R', 'R', 'R', 'R', 'R', 'R', 'R', 'R']]"
720,ww_2,挑灯看剑,320,120,2023_12_19_15_28_51,2.0%+0.0%,"{'R': ['高世津', '朱浩', '韦胜', '伊丝\', '朱浩', '韦胜', '韦胜', '朱浩', '应灵华'], 'SR': ['幻镜胧妖'], 'SSR': []}",[],0,0,1,9,0,"['高世津', '朱浩', '韦胜', '伊丝\', '朱浩', '韦胜', '韦胜', '幻镜胧妖', '朱浩', '应灵华']","[['高世津', '朱浩', '韦胜', '伊丝\', '朱浩', '韦胜', '韦胜', '幻镜胧妖', '朱浩', '应灵华'], ['5', '5', '5', '5', '5', '5', '5', '20', '5', '5'], ['R', 'R', 'R', 'R', 'R', 'R', 'R', 'SR', 'R', 'R']]"
730,ww_2,挑灯看剑,330,130,2023_12_19_15_29_25,2.0%+0.0%,"{'R': ['伊丝\', '希维亚', '朱浩', '雅布斯', '高世津', '韦胜', '希维亚', '伊丝\', '青萝'], 'SR': ['韩无砂'], 'SSR': []}",[],0,0,1,9,0,"['伊丝\', '韩无砂', '希维亚', '朱浩', '雅布斯', '高世津', '韦胜', '希维亚', '伊丝\', '青萝']","[['伊丝\', '韩无砂', '希维亚', '朱浩', '雅布斯', '高世津', '韦胜', '希维亚', '伊丝\', '青萝'], ['5', '20', '5', '5', '5', '5', '5', '5', '5', '5'], ['R', 'SR', 'R', 'R', 'R', 'R', 'R', 'R', 'R', 'R']]"
740,ww_2,挑灯看剑,340,140,2023_12_19_15_30_00,2.0%+4.0%,"{'R': ['伊丝\', '朱浩', '高世津', '韦胜', '韦胜', '青萝', '应灵华', '韦胜', '青萝'], 'SR': ['常逸风'], 'SSR': []}",[],0,0,1,9,0,"['伊丝\', '常逸风', '朱浩', '高世津', '韦胜', '韦胜', '青萝', '应灵华', '韦胜', '青萝']","[['伊丝\', '常逸风', '朱浩', '高世津', '韦胜', '韦胜', '青萝', '应灵华', '韦胜', '青萝'], ['5', '20', '5', '5', '5', '5', '5', '5', '5', '5'], ['R', 'SR', 'R', 'R', 'R', 'R', 'R', 'R', 'R', 'R']]"
750,ww_2,挑灯看剑,350,150,2023_12_19_15_30_35,2.0%+9.0%,"{'R': ['雅布斯', '伊丝\', '希维亚', '呼延崇', '呼延崇', '呼延崇', '希维亚', '呼延崇', '伊丝\'], 'SR': ['白菀'], 'SSR': []}",[],0,0,1,9,0,"['雅布斯', '伊丝\', '希维亚', '呼延崇', '呼延崇', '呼延崇', '希维亚', '白菀', '呼延崇', '伊丝\']","[['雅布斯', '伊丝\', '希维亚', '呼延崇', '呼延崇', '呼延崇', '希维亚', '白菀', '呼延崇', '伊丝\'], ['5', '5', '5', '5', '5', '5', '5', '20', '5', '5'], ['R', 'R', 'R', 'R', 'R', 'R', 'R', 'SR', 'R', 'R']]"
760,ww_2,挑灯看剑,360,160,2023_12_19_15_31_09,2.0%+0.0%,"{'R': ['高世津', '韦胜', '高世津', '希维亚', '希维亚', '青萝'], 'SR': ['紫蕴', '高戚', '司徒缨'], 'SSR': ['殷千炀']}",['殷千炀'],70,1,3,6,1,"['高世津', '韦胜', '高世津', '希维亚', '希维亚', '紫蕴', '青萝', '高戚', '司徒缨', '殷千炀']","[['高世津', '韦胜', '高世津', '希维亚', '希维亚', '紫蕴', '青萝', '高戚', '司徒缨', '殷千炀'], ['5', '5', '5', '5', '5', '20', '5', '20', '20', '60'], ['R', 'R', 'R', 'R', 'R', 'SR', 'R', 'SR', 'SR', 'SSR']]"
770,ww_2,挑灯看剑,370,170,2023_12_19_15_31_44,2.0%+0.0%,"{'R': ['希维亚', '希维亚', '朱浩', '高世津', '韦胜', '应灵华', '朱浩'], 'SR': ['韩无砂', '赫兰铁罕', '幻镜胧妖'], 'SSR': []}",[],0,0,3,7,0,"['韩无砂', '希维亚', '希维亚', '朱浩', '高世津', '韦胜', '应灵华', '朱浩', '赫兰铁罕', '幻镜胧妖']","[['韩无砂', '希维亚', '希维亚', '朱浩', '高世津', '韦胜', '应灵华', '朱浩', '赫兰铁罕', '幻镜胧妖'], ['20', '5', '5', '5', '5', '5', '5', '5', '20', '20'], ['SR', 'R', 'R', 'R', 'R', 'R', 'R', 'R', 'SR', 'SR']]"
780,ww_2,挑灯看剑,380,180,2023_12_19_15_32_19,2.0%+0.0%,"{'R': ['朱浩', '应灵华', '韦胜', '韦胜', '呼延崇', '韦胜', '韦胜', '雅布斯', '朱浩'], 'SR': ['白菀'], 'SSR': []}",[],0,0,1,9,0,"['朱浩', '应灵华', '韦胜', '韦胜', '呼延崇', '韦胜', '白菀', '韦胜', '雅布斯', '朱浩']","[['朱浩', '应灵华', '韦胜', '韦胜', '呼延崇', '韦胜', '白菀', '韦胜', '雅布斯', '朱浩'], ['5', '5', '5', '5', '5', '5', '20', '5', '5', '5'], ['R', 'R', 'R', 'R', 'R', 'R', 'SR', 'R', 'R', 'R']]"
790,ww_2,挑灯看剑,390,190,2023_12_19_15_32_53,2.0%+0.0%,"{'R': ['伊丝\', '韦胜', '朱浩', '伊丝\', '韦胜', '呼延崇', '雅布斯', '雅布斯', '朱浩'], 'SR': ['杨云佐'], 'SSR': []}",[],0,0,1,9,0,"['伊丝\', '韦胜', '朱浩', '伊丝\', '韦胜', '呼延崇', '雅布斯', '雅布斯', '朱浩', '杨云佐']","[['伊丝\', '韦胜', '朱浩', '伊丝\', '韦胜', '呼延崇', '雅布斯', '雅布斯', '朱浩', '杨云佐'], ['5', '5', '5', '5', '5', '5', '5', '5', '5', '20'], ['R', 'R', 'R', 'R', 'R', 'R', 'R', 'R', 'R', 'SR']]"
800,ww_2,挑灯看剑,400,200,2023_12_19_15_33_28,2.0%+0.0%,"{'R': ['朱浩', '呼延崇', '朱浩', '韦胜', '朱浩', '雅布斯', '伊丝\', '高世津'], 'SR': ['高戚', '慕容筝'], 'SSR': []}",[],0,0,2,8,0,"['朱浩', '高戚', '呼延崇', '朱浩', '慕容筝', '韦胜', '朱浩', '雅布斯', '伊丝\', '高世津']","[['朱浩', '高戚', '呼延崇', '朱浩', '慕容筝', '韦胜', '朱浩', '雅布斯', '伊丝\', '高世津'], ['5', '20', '5', '5', '20', '5', '5', '5', '5', '5'], ['R', 'SR', 'R', 'R', 'SR', 'R', 'R', 'R', 'R', 'R']]"
810,ww_3,云山之巅,10,10,2023_12_19_15_36_12,2.0%+0.0%,"{'R': ['青萝', '伊丝\', '应灵华', '应灵华', '朱浩'], 'SR': ['周崇', '赫兰铁罕', '慕容筝'], 'SSR': ['妮可', '妮可']}","['妮可', '妮可']",10,2,3,5,2,"['周崇', '青萝', '赫兰铁罕', '伊丝\', '应灵华', '应灵华', '朱浩', '妮可', '妮可', '慕容筝']","[['周崇', '青萝', '赫兰铁罕', '伊丝\', '应灵华', '应灵华', '朱浩', '妮可', '妮可', '慕容筝'], ['20', '5', '20', '5', '5', '5', '5', '60', '60', '20'], ['SR', 'R', 'SR', 'R', 'R', 'R', 'R', 'SSR', 'SSR', 'SR']]"
820,ww_3,云山之巅,20,20,2023_12_19_15_36_48,2.0%+0.0%,"{'R': ['青萝', '应灵华', '雅布斯', '朱浩', '韦胜', '阿尔泰巴', '应灵华', '希维亚'], 'SR': ['赫兰铁罕'], 'SSR': ['李靖']}",['李靖'],10,1,1,8,1,"['青萝', '应灵华', '李靖', '雅布斯', '朱浩', '赫兰铁罕', '韦胜', '阿尔泰巴', '应灵华', '希维亚']","[['青萝', '应灵华', '李靖', '雅布斯', '朱浩', '赫兰铁罕', '韦胜', '阿尔泰巴', '应灵华', '希维亚'], ['5', '5', '60', '5', '5', '20', '5', '5', '5', '5'], ['R', 'R', 'SSR', 'R', 'R', 'SR', 'R', 'R', 'R', 'R']]"
830,ww_3,云山之巅,30,30,2023_12_19_15_37_24,2.0%+0.0%,"{'R': ['雅布斯', '伊丝\', '希维亚', '伊丝\', '呼延崇', '应灵华', '高世津', '雅布斯', '朱浩'], 'SR': ['司徒缨'], 'SSR': []}",[],0,0,1,9,0,"['雅布斯', '伊丝\', '希维亚', '伊丝\', '呼延崇', '应灵华', '高世津', '雅布斯', '司徒缨', '朱浩']","[['雅布斯', '伊丝\', '希维亚', '伊丝\', '呼延崇', '应灵华', '高世津', '雅布斯', '司徒缨', '朱浩'], ['5', '5', '5', '5', '5', '5', '5', '5', '20', '5'], ['R', 'R', 'R', 'R', 'R', 'R', 'R', 'R', 'SR', 'R']]"
840,ww_3,云山之巅,40,40,2023_12_19_15_38_00,2.0%+0.0%,"{'R': ['韦胜', '高世津', '应灵华', '朱浩', '高世津', '呼延崇', '青萝', '高世津', '韦胜'], 'SR': ['司徒缨'], 'SSR': []}",[],0,0,1,9,0,"['韦胜', '高世津', '应灵华', '朱浩', '高世津', '呼延崇', '司徒缨', '青萝', '高世津', '韦胜']","[['韦胜', '高世津', '应灵华', '朱浩', '高世津', '呼延崇', '司徒缨', '青萝', '高世津', '韦胜'], ['5', '5', '5', '5', '5', '5', '20', '5', '5', '5'], ['R', 'R', 'R', 'R', 'R', 'R', 'SR', 'R', 'R', 'R']]"
850,ww_3,云山之巅,50,50,2023_12_19_15_38_37,2.0%+0.0%,"{'R': ['应灵华', '雅布斯', '应灵华', '青萝', '应灵华', '韦胜', '应灵华'], 'SR': ['紫蕴', '韩无砂', '紫蕴'], 'SSR': []}",[],0,0,3,7,0,"['应灵华', '紫蕴', '雅布斯', '韩无砂', '应灵华', '青萝', '紫蕴', '应灵华', '韦胜', '应灵华']","[['应灵华', '紫蕴', '雅布斯', '韩无砂', '应灵华', '青萝', '紫蕴', '应灵华', '韦胜', '应灵华'], ['5', '20', '5', '20', '5', '5', '20', '5', '5', '5'], ['R', 'SR', 'R', 'SR', 'R', 'R', 'SR', 'R', 'R', 'R']]"
860,ww_3,云山之巅,60,60,2023_12_19_15_39_13,2.0%+0.0%,"{'R': ['应灵华', '伊丝\', '应灵华', '伊丝\', '青萝', '朱浩', '雅布斯', '朱浩'], 'SR': ['紫蕴'], 'SSR': ['李靖']}",['李靖'],40,1,1,8,1,"['应灵华', '伊丝\', '李靖', '应灵华', '伊丝\', '青萝', '朱浩', '雅布斯', '紫蕴', '朱浩']","[['应灵华', '伊丝\', '李靖', '应灵华', '伊丝\', '青萝', '朱浩', '雅布斯', '紫蕴', '朱浩'], ['5', '5', '60', '5', '5', '5', '5', '5', '20', '5'], ['R', 'R', 'SSR', 'R', 'R', 'R', 'R', 'R', 'SR', 'R']]"
870,ww_3,云山之巅,70,70,2023_12_19_15_39_49,2.0%+0.0%,"{'R': ['呼延崇', '高世津', '呼延崇', '青萝', '希维亚', '阿尔泰巴', '雅布斯', '伊丝\', '雅布斯'], 'SR': ['高戚'], 'SSR': []}",[],0,0,1,9,0,"['呼延崇', '高世津', '高戚', '呼延崇', '青萝', '希维亚', '阿尔泰巴', '雅布斯', '伊丝\', '雅布斯']","[['呼延崇', '高世津', '高戚', '呼延崇', '青萝', '希维亚', '阿尔泰巴', '雅布斯', '伊丝\', '雅布斯'], ['5', '5', '20', '5', '5', '5', '5', '5', '5', '5'], ['R', 'R', 'SR', 'R', 'R', 'R', 'R', 'R', 'R', 'R']]"
880,ww_3,云山之巅,80,80,2023_12_19_15_40_25,2.0%+0.0%,"{'R': ['伊丝\', '阿尔泰巴', '希维亚', '希维亚', '高世津', '应灵华', '伊丝\'], 'SR': ['朱缳', '太渊隐逸', '司徒缨'], 'SSR': []}",[],0,0,3,7,0,"['伊丝\', '阿尔泰巴', '希维亚', '希维亚', '朱缳', '高世津', '太渊隐逸', '应灵华', '伊丝\', '司徒缨']","[['伊丝\', '阿尔泰巴', '希维亚', '希维亚', '朱缳', '高世津', '太渊隐逸', '应灵华', '伊丝\', '司徒缨'], ['5', '5', '5', '5', '20', '5', '20', '5', '5', '20'], ['R', 'R', 'R', 'R', 'SR', 'R', 'SR', 'R', 'R', 'SR']]"
890,ww_3,云山之巅,90,90,2023_12_19_15_41_01,2.0%+0.0%,"{'R': ['应灵华', '伊丝\', '雅布斯', '雅布斯', '阿尔泰巴', '高世津', '韦胜', '伊丝\'], 'SR': ['赫兰铁罕', '李盈凤'], 'SSR': []}",[],0,0,2,8,0,"['赫兰铁罕', '李盈凤', '应灵华', '伊丝\', '雅布斯', '雅布斯', '阿尔泰巴', '高世津', '韦胜', '伊丝\']","[['赫兰铁罕', '李盈凤', '应灵华', '伊丝\', '雅布斯', '雅布斯', '阿尔泰巴', '高世津', '韦胜', '伊丝\'], ['20', '20', '5', '5', '5', '5', '5', '5', '5', '5'], ['SR', 'SR', 'R', 'R', 'R', 'R', 'R', 'R', 'R', 'R']]"
900,ww_3,云山之巅,100,100,2023_12_19_15_41_37,2.0%+0.0%,"{'R': ['呼延崇', '高世津', '朱浩', '希维亚', '阿尔泰巴', '朱浩', '韦胜', '阿尔泰巴', '青萝'], 'SR': ['慕容筝'], 'SSR': []}",[],0,0,1,9,0,"['呼延崇', '高世津', '朱浩', '希维亚', '阿尔泰巴', '慕容筝', '朱浩', '韦胜', '阿尔泰巴', '青萝']","[['呼延崇', '高世津', '朱浩', '希维亚', '阿尔泰巴', '慕容筝', '朱浩', '韦胜', '阿尔泰巴', '青萝'], ['5', '5', '5', '5', '5', '20', '5', '5', '5', '5'], ['R', 'R', 'R', 'R', 'R', 'SR', 'R', 'R', 'R', 'R']]"
910,ww_3,云山之巅,110,110,2023_12_19_15_42_13,2.0%+3.5%,"{'R': ['应灵华', '希维亚', '高世津', '韦胜', '阿尔泰巴', '应灵华', '高世津', '呼延崇'], 'SR': ['阳寰', '司徒缨'], 'SSR': []}",[],0,0,2,8,0,"['阳寰', '司徒缨', '应灵华', '希维亚', '高世津', '韦胜', '阿尔泰巴', '应灵华', '高世津', '呼延崇']","[['阳寰', '司徒缨', '应灵华', '希维亚', '高世津', '韦胜', '阿尔泰巴', '应灵华', '高世津', '呼延崇'], ['20', '20', '5', '5', '5', '5', '5', '5', '5', '5'], ['SR', 'SR', 'R', 'R', 'R', 'R', 'R', 'R', 'R', 'R']]"
920,ww_3,云山之巅,120,120,2023_12_19_15_42_49,2.0%+8.5%,"{'R': ['雅布斯', '阿尔泰巴', '青萝', '呼延崇', '高世津', '伊丝\', '韦胜'], 'SR': ['杨云佐', '周崇', '常逸风'], 'SSR': []}",[],0,0,3,7,0,"['雅布斯', '阿尔泰巴', '杨云佐', '青萝', '周崇', '呼延崇', '高世津', '常逸风', '伊丝\', '韦胜']","[['雅布斯', '阿尔泰巴', '杨云佐', '青萝', '周崇', '呼延崇', '高世津', '常逸风', '伊丝\', '韦胜'], ['5', '5', '20', '5', '20', '5', '5', '20', '5', '5'], ['R', 'R', 'SR', 'R', 'SR', 'R', 'R', 'SR', 'R', 'R']]"
930,ww_3,云山之巅,130,130,2023_12_19_15_43_26,2.0%+0.0%,"{'R': ['高世津', '阿尔泰巴', '希维亚', '青萝', '雅布斯'], 'SR': ['幻镜胧妖', '朱缳', '杨云佐'], 'SSR': ['李靖', '李靖']}","['李靖', '李靖']",70,2,3,5,2,"['高世津', '李靖', '阿尔泰巴', '幻镜胧妖', '希维亚', '朱缳', '李靖', '杨云佐', '青萝', '雅布斯']","[['高世津', '李靖', '阿尔泰巴', '幻镜胧妖', '希维亚', '朱缳', '李靖', '杨云佐', '青萝', '雅布斯'], ['5', '60', '5', '20', '5', '20', '60', '20', '5', '5'], ['R', 'SSR', 'R', 'SR', 'R', 'SR', 'SSR', 'SR', 'R', 'R']]"
940,ww_3,云山之巅,140,140,2023_12_19_15_44_02,2.0%+0.0%,"{'R': ['阿尔泰巴', '希维亚', '韦胜', '呼延崇', '青萝', '阿尔泰巴', '雅布斯', '高世津', '呼延崇'], 'SR': ['韩无砂'], 'SSR': []}",[],0,0,1,9,0,"['韩无砂', '阿尔泰巴', '希维亚', '韦胜', '呼延崇', '青萝', '阿尔泰巴', '雅布斯', '高世津', '呼延崇']","[['韩无砂', '阿尔泰巴', '希维亚', '韦胜', '呼延崇', '青萝', '阿尔泰巴', '雅布斯', '高世津', '呼延崇'], ['20', '5', '5', '5', '5', '5', '5', '5', '5', '5'], ['SR', 'R', 'R', 'R', 'R', 'R', 'R', 'R', 'R', 'R']]"
950,ww_3,云山之巅,150,150,2023_12_19_15_44_38,2.0%+0.0%,"{'R': ['呼延崇', '韦胜', '高世津', '应灵华', '应灵华', '雅布斯', '朱浩', '高世津'], 'SR': ['赫兰铁罕', '相桓子'], 'SSR': []}",[],0,0,2,8,0,"['呼延崇', '赫兰铁罕', '韦胜', '高世津', '应灵华', '应灵华', '雅布斯', '相桓子', '朱浩', '高世津']","[['呼延崇', '赫兰铁罕', '韦胜', '高世津', '应灵华', '应灵华', '雅布斯', '相桓子', '朱浩', '高世津'], ['5', '20', '5', '5', '5', '5', '5', '20', '5', '5'], ['R', 'SR', 'R', 'R', 'R', 'R', 'R', 'SR', 'R', 'R']]"
960,ww_3,云山之巅,160,160,2023_12_19_15_45_14,2.0%+0.0%,"{'R': ['伊丝\', '应灵华', '朱浩', '青萝', '雅布斯', '青萝', '阿尔泰巴', '青萝', '朱浩'], 'SR': ['相桓子'], 'SSR': []}",[],0,0,1,9,0,"['伊丝\', '应灵华', '朱浩', '青萝', '雅布斯', '相桓子', '青萝', '阿尔泰巴', '青萝', '朱浩']","[['伊丝\', '应灵华', '朱浩', '青萝', '雅布斯', '相桓子', '青萝', '阿尔泰巴', '青萝', '朱浩'], ['5', '5', '5', '5', '5', '20', '5', '5', '5', '5'], ['R', 'R', 'R', 'R', 'R', 'SR', 'R', 'R', 'R', 'R']]"
970,ww_3,云山之巅,170,170,2023_12_19_15_45_50,2.0%+0.0%,"{'R': ['希维亚', '青萝', '呼延崇', '应灵华', '希维亚', '青萝', '伊丝\', '应灵华'], 'SR': ['紫蕴', '司徒缨'], 'SSR': []}",[],0,0,2,8,0,"['希维亚', '青萝', '呼延崇', '应灵华', '希维亚', '紫蕴', '青萝', '伊丝\', '应灵华', '司徒缨']","[['希维亚', '青萝', '呼延崇', '应灵华', '希维亚', '紫蕴', '青萝', '伊丝\', '应灵华', '司徒缨'], ['5', '5', '5', '5', '5', '20', '5', '5', '5', '20'], ['R', 'R', 'R', 'R', 'R', 'SR', 'R', 'R', 'R', 'SR']]"
980,ww_3,云山之巅,180,180,2023_12_19_15_46_26,2.0%+0.0%,"{'R': ['韦胜', '希维亚', '伊丝\', '应灵华', '呼延崇', '青萝', '应灵华'], 'SR': ['阳寰', '白菀'], 'SSR': ['妮可']}",['妮可'],50,1,2,7,1,"['韦胜', '希维亚', '伊丝\', '应灵华', '阳寰', '呼延崇', '青萝', '妮可', '应灵华', '白菀']","[['韦胜', '希维亚', '伊丝\', '应灵华', '阳寰', '呼延崇', '青萝', '妮可', '应灵华', '白菀'], ['5', '5', '5', '5', '20', '5', '5', '60', '5', '20'], ['R', 'R', 'R', 'R', 'SR', 'R', 'R', 'SSR', 'R', 'SR']]"
990,ww_3,云山之巅,190,190,2023_12_19_15_47_03,2.0%+0.0%,"{'R': ['应灵华', '韦胜', '呼延崇', '朱浩', '青萝', '应灵华', '伊丝\', '韦胜', '希维亚'], 'SR': ['韩无砂'], 'SSR': []}",[],0,0,1,9,0,"['应灵华', '韦胜', '呼延崇', '朱浩', '青萝', '应灵华', '伊丝\', '韦胜', '韩无砂', '希维亚']","[['应灵华', '韦胜', '呼延崇', '朱浩', '青萝', '应灵华', '伊丝\', '韦胜', '韩无砂', '希维亚'], ['5', '5', '5', '5', '5', '5', '5', '5', '20', '5'], ['R', 'R', 'R', 'R', 'R', 'R', 'R', 'R', 'SR', 'R']]"
1000,ww_3,云山之巅,200,200,2023_12_19_15_47_39,2.0%+0.0%,"{'R': ['希维亚', '高世津', '应灵华', '希维亚', '伊丝\', '青萝', '希维亚', '希维亚', '高世津'], 'SR': ['高戚'], 'SSR': []}",[],0,0,1,9,0,"['希维亚', '高戚', '高世津', '应灵华', '希维亚', '伊丝\', '青萝', '希维亚', '希维亚', '高世津']","[['希维亚', '高戚', '高世津', '应灵华', '希维亚', '伊丝\', '青萝', '希维亚', '希维亚', '高世津'], ['5', '20', '5', '5', '5', '5', '5', '5', '5', '5'], ['R', 'SR', 'R', 'R', 'R', 'R', 'R', 'R', 'R', 'R']]"
1010,ww_3,挑灯看剑,210,10,2023_12_19_15_48_52,2.0%+0.0%,"{'R': ['希维亚', '朱浩', '高世津', '阿尔泰巴', '希维亚', '呼延崇', '青萝', '呼延崇'], 'SR': ['朱缳', '幻镜胧妖'], 'SSR': []}",[],0,0,2,8,0,"['希维亚', '朱浩', '朱缳', '幻镜胧妖', '高世津', '阿尔泰巴', '希维亚', '呼延崇', '青萝', '呼延崇']","[['希维亚', '朱浩', '朱缳', '幻镜胧妖', '高世津', '阿尔泰巴', '希维亚', '呼延崇', '青萝', '呼延崇'], ['5', '5', '20', '20', '5', '5', '5', '5', '5', '5'], ['R', 'R', 'SR', 'SR', 'R', 'R', 'R', 'R', 'R', 'R']]"
1020,ww_3,挑灯看剑,220,20,2023_12_19_15_49_28,2.0%+0.0%,"{'R': ['呼延崇', '青萝', '雅布斯', '青萝', '高世津', '高世津', '青萝', '雅布斯', '应灵华'], 'SR': ['慕容筝'], 'SSR': []}",[],0,0,1,9,0,"['呼延崇', '青萝', '雅布斯', '青萝', '高世津', '高世津', '慕容筝', '青萝', '雅布斯', '应灵华']","[['呼延崇', '青萝', '雅布斯', '青萝', '高世津', '高世津', '慕容筝', '青萝', '雅布斯', '应灵华'], ['5', '5', '5', '5', '5', '5', '20', '5', '5', '5'], ['R', 'R', 'R', 'R', 'R', 'R', 'SR', 'R', 'R', 'R']]"
1030,ww_3,挑灯看剑,230,30,2023_12_19_15_50_05,2.0%+1.0%,"{'R': ['阿尔泰巴', '希维亚', '朱浩', '高世津', '阿尔泰巴', '希维亚', '呼延崇'], 'SR': ['白菀', '韩无砂', '相桓子'], 'SSR': []}",[],0,0,3,7,0,"['阿尔泰巴', '希维亚', '朱浩', '白菀', '高世津', '韩无砂', '阿尔泰巴', '希维亚', '呼延崇', '相桓子']","[['阿尔泰巴', '希维亚', '朱浩', '白菀', '高世津', '韩无砂', '阿尔泰巴', '希维亚', '呼延崇', '相桓子'], ['5', '5', '5', '20', '5', '20', '5', '5', '5', '20'], ['R', 'R', 'R', 'SR', 'R', 'SR', 'R', 'R', 'R', 'SR']]"
1040,ww_3,挑灯看剑,240,40,2023_12_19_15_50_41,2.0%+6.0%,"{'R': ['青萝', '呼延崇', '朱浩', '伊丝\', '伊丝\', '呼延崇', '朱浩', '雅布斯', '伊丝\'], 'SR': ['高戚'], 'SSR': []}",[],0,0,1,9,0,"['青萝', '呼延崇', '朱浩', '高戚', '伊丝\', '伊丝\', '呼延崇', '朱浩', '雅布斯', '伊丝\']","[['青萝', '呼延崇', '朱浩', '高戚', '伊丝\', '伊丝\', '呼延崇', '朱浩', '雅布斯', '伊丝\'], ['5', '5', '5', '20', '5', '5', '5', '5', '5', '5'], ['R', 'R', 'R', 'SR', 'R', 'R', 'R', 'R', 'R', 'R']]"
1050,ww_3,挑灯看剑,250,50,2023_12_19_15_51_17,2.0%+0.0%,"{'R': ['青萝', '朱浩', '伊丝\', '伊丝\', '雅布斯', '雅布斯', '青萝'], 'SR': ['相桓子', '韩无砂'], 'SSR': ['归棹']}",['归棹'],50,1,2,7,1,"['青萝', '朱浩', '伊丝\', '伊丝\', '雅布斯', '相桓子', '雅布斯', '青萝', '韩无砂', '归棹']","[['青萝', '朱浩', '伊丝\', '伊丝\', '雅布斯', '相桓子', '雅布斯', '青萝', '韩无砂', '归棹'], ['5', '5', '5', '5', '5', '20', '5', '5', '20', '60'], ['R', 'R', 'R', 'R', 'R', 'SR', 'R', 'R', 'SR', 'SSR']]"
1060,ww_3,挑灯看剑,260,60,2023_12_19_15_51_54,2.0%+0.0%,"{'R': ['应灵华', '高世津', '应灵华', '高世津', '希维亚', '呼延崇', '应灵华', '应灵华'], 'SR': ['高戚', '周崇'], 'SSR': []}",[],0,0,2,8,0,"['应灵华', '高世津', '应灵华', '高世津', '希维亚', '呼延崇', '应灵华', '高戚', '应灵华', '周崇']","[['应灵华', '高世津', '应灵华', '高世津', '希维亚', '呼延崇', '应灵华', '高戚', '应灵华', '周崇'], ['5', '5', '5', '5', '5', '5', '5', '20', '5', '20'], ['R', 'R', 'R', 'R', 'R', 'R', 'R', 'SR', 'R', 'SR']]"
1070,ww_3,挑灯看剑,270,70,2023_12_19_15_52_30,2.0%+0.0%,"{'R': ['应灵华', '应灵华', '希维亚', '伊丝\', '韦胜', '阿尔泰巴', '雅布斯'], 'SR': ['常逸风', '周崇'], 'SSR': ['殷千炀']}",['殷千炀'],20,1,2,7,1,"['殷千炀', '应灵华', '应灵华', '希维亚', '伊丝\', '韦胜', '常逸风', '周崇', '阿尔泰巴', '雅布斯']","[['殷千炀', '应灵华', '应灵华', '希维亚', '伊丝\', '韦胜', '常逸风', '周崇', '阿尔泰巴', '雅布斯'], ['60', '5', '5', '5', '5', '5', '20', '20', '5', '5'], ['SSR', 'R', 'R', 'R', 'R', 'R', 'SR', 'SR', 'R', 'R']]"
1080,ww_3,挑灯看剑,280,80,2023_12_19_15_53_06,2.0%+0.0%,"{'R': ['朱浩', '青萝', '青萝', '阿尔泰巴', '呼延崇', '高世津', '应灵华'], 'SR': ['相桓子', '阳寰', '司徒缨'], 'SSR': []}",[],0,0,3,7,0,"['相桓子', '朱浩', '青萝', '青萝', '阿尔泰巴', '阳寰', '呼延崇', '司徒缨', '高世津', '应灵华']","[['相桓子', '朱浩', '青萝', '青萝', '阿尔泰巴', '阳寰', '呼延崇', '司徒缨', '高世津', '应灵华'], ['20', '5', '5', '5', '5', '20', '5', '20', '5', '5'], ['SR', 'R', 'R', 'R', 'R', 'SR', 'R', 'SR', 'R', 'R']]"
1090,ww_3,挑灯看剑,290,90,2023_12_19_15_53_42,2.0%+0.0%,"{'R': ['希维亚', '伊丝\', '伊丝\', '朱浩', '高世津', '阿尔泰巴', '伊丝\'], 'SR': ['幻镜胧妖', '李盈凤', '慕容筝'], 'SSR': []}",[],0,0,3,7,0,"['希维亚', '伊丝\', '伊丝\', '朱浩', '幻镜胧妖', '高世津', '李盈凤', '阿尔泰巴', '伊丝\', '慕容筝']","[['希维亚', '伊丝\', '伊丝\', '朱浩', '幻镜胧妖', '高世津', '李盈凤', '阿尔泰巴', '伊丝\', '慕容筝'], ['5', '5', '5', '5', '20', '5', '20', '5', '5', '20'], ['R', 'R', 'R', 'R', 'SR', 'R', 'SR', 'R', 'R', 'SR']]"
1100,ww_3,挑灯看剑,300,100,2023_12_19_15_54_19,2.0%+0.0%,"{'R': ['高世津', '希维亚', '雅布斯', '朱浩', '伊丝\', '希维亚', '高世津', '呼延崇'], 'SR': ['应奉仁', '幻镜胧妖'], 'SSR': []}",[],0,0,2,8,0,"['高世津', '希维亚', '应奉仁', '雅布斯', '朱浩', '伊丝\', '幻镜胧妖', '希维亚', '高世津', '呼延崇']","[['高世津', '希维亚', '应奉仁', '雅布斯', '朱浩', '伊丝\', '幻镜胧妖', '希维亚', '高世津', '呼延崇'], ['5', '5', '20', '5', '5', '5', '20', '5', '5', '5'], ['R', 'R', 'SR', 'R', 'R', 'R', 'SR', 'R', 'R', 'R']]"
1110,ww_3,挑灯看剑,310,110,2023_12_19_15_54_55,2.0%+0.0%,"{'R': ['阿尔泰巴', '高世津', '雅布斯', '呼延崇', '青萝', '伊丝\', '高世津'], 'SR': ['司徒缨', '太渊隐逸', '朱缳'], 'SSR': []}",[],0,0,3,7,0,"['司徒缨', '阿尔泰巴', '高世津', '太渊隐逸', '雅布斯', '呼延崇', '青萝', '朱缳', '伊丝\', '高世津']","[['司徒缨', '阿尔泰巴', '高世津', '太渊隐逸', '雅布斯', '呼延崇', '青萝', '朱缳', '伊丝\', '高世津'], ['20', '5', '5', '20', '5', '5', '5', '20', '5', '5'], ['SR', 'R', 'R', 'SR', 'R', 'R', 'R', 'SR', 'R', 'R']]"
1120,ww_3,挑灯看剑,320,120,2023_12_19_15_55_31,2.0%+0.0%,"{'R': ['伊丝\', '朱浩', '朱浩', '呼延崇', '朱浩', '伊丝\', '雅布斯', '雅布斯'], 'SR': ['常逸风'], 'SSR': ['殷千炀']}",['殷千炀'],50,1,1,8,1,"['伊丝\', '常逸风', '朱浩', '朱浩', '呼延崇', '朱浩', '伊丝\', '雅布斯', '殷千炀', '雅布斯']","[['伊丝\', '常逸风', '朱浩', '朱浩', '呼延崇', '朱浩', '伊丝\', '雅布斯', '殷千炀', '雅布斯'], ['5', '20', '5', '5', '5', '5', '5', '5', '60', '5'], ['R', 'SR', 'R', 'R', 'R', 'R', 'R', 'R', 'SSR', 'R']]"
1130,ww_3,挑灯看剑,330,130,2023_12_19_15_56_07,2.0%+0.0%,"{'R': ['高世津', '呼延崇', '高世津', '阿尔泰巴', '应灵华', '应灵华', '高世津'], 'SR': ['朱缳', '朱缳', '杨云佐'], 'SSR': []}",[],0,0,3,7,0,"['高世津', '呼延崇', '朱缳', '朱缳', '高世津', '阿尔泰巴', '应灵华', '应灵华', '高世津', '杨云佐']","[['高世津', '呼延崇', '朱缳', '朱缳', '高世津', '阿尔泰巴', '应灵华', '应灵华', '高世津', '杨云佐'], ['5', '5', '20', '20', '5', '5', '5', '5', '5', '20'], ['R', 'R', 'SR', 'SR', 'R', 'R', 'R', 'R', 'R', 'SR']]"
1140,ww_3,挑灯看剑,340,140,2023_12_19_15_56_44,2.0%+0.0%,"{'R': ['高世津', '韦胜', '雅布斯', '朱浩', '朱浩', '希维亚', '希维亚', '雅布斯', '呼延崇'], 'SR': ['周崇'], 'SSR': []}",[],0,0,1,9,0,"['高世津', '韦胜', '雅布斯', '朱浩', '朱浩', '周崇', '希维亚', '希维亚', '雅布斯', '呼延崇']","[['高世津', '韦胜', '雅布斯', '朱浩', '朱浩', '周崇', '希维亚', '希维亚', '雅布斯', '呼延崇'], ['5', '5', '5', '5', '5', '20', '5', '5', '5', '5'], ['R', 'R', 'R', 'R', 'R', 'SR', 'R', 'R', 'R', 'R']]"
1150,ww_3,挑灯看剑,350,150,2023_12_19_15_57_20,2.0%+0.0%,"{'R': ['高世津', '阿尔泰巴', '朱浩', '雅布斯', '阿尔泰巴', '雅布斯', '韦胜', '应灵华', '韦胜'], 'SR': ['紫蕴'], 'SSR': []}",[],0,0,1,9,0,"['高世津', '阿尔泰巴', '朱浩', '雅布斯', '阿尔泰巴', '雅布斯', '紫蕴', '韦胜', '应灵华', '韦胜']","[['高世津', '阿尔泰巴', '朱浩', '雅布斯', '阿尔泰巴', '雅布斯', '紫蕴', '韦胜', '应灵华', '韦胜'], ['5', '5', '5', '5', '5', '5', '20', '5', '5', '5'], ['R', 'R', 'R', 'R', 'R', 'R', 'SR', 'R', 'R', 'R']]"
1160,ww_3,挑灯看剑,360,160,2023_12_19_15_57_57,2.0%+0.0%,"{'R': ['呼延崇', '伊丝\', '应灵华', '朱浩', '阿尔泰巴', '阿尔泰巴', '高世津', '雅布斯'], 'SR': ['相桓子', '朱缳'], 'SSR': []}",[],0,0,2,8,0,"['呼延崇', '相桓子', '伊丝\', '朱缳', '应灵华', '朱浩', '阿尔泰巴', '阿尔泰巴', '高世津', '雅布斯']","[['呼延崇', '相桓子', '伊丝\', '朱缳', '应灵华', '朱浩', '阿尔泰巴', '阿尔泰巴', '高世津', '雅布斯'], ['5', '20', '5', '20', '5', '5', '5', '5', '5', '5'], ['R', 'SR', 'R', 'SR', 'R', 'R', 'R', 'R', 'R', 'R']]"
1170,ww_3,挑灯看剑,370,170,2023_12_19_15_58_33,2.0%+0.5%,"{'R': ['呼延崇', '青萝', '应灵华', '朱浩', '韦胜', '希维亚', '雅布斯', '希维亚', '韦胜'], 'SR': ['常逸风'], 'SSR': []}",[],0,0,1,9,0,"['呼延崇', '青萝', '应灵华', '朱浩', '韦胜', '希维亚', '常逸风', '雅布斯', '希维亚', '韦胜']","[['呼延崇', '青萝', '应灵华', '朱浩', '韦胜', '希维亚', '常逸风', '雅布斯', '希维亚', '韦胜'], ['5', '5', '5', '5', '5', '5', '20', '5', '5', '5'], ['R', 'R', 'R', 'R', 'R', 'R', 'SR', 'R', 'R', 'R']]"
1180,ww_3,挑灯看剑,380,180,2023_12_19_15_59_09,2.0%+5.5%,"{'R': ['阿尔泰巴', '朱浩', '伊丝\', '呼延崇', '阿尔泰巴', '希维亚', '阿尔泰巴', '高世津', '朱浩'], 'SR': ['杨云佐'], 'SSR': []}",[],0,0,1,9,0,"['杨云佐', '阿尔泰巴', '朱浩', '伊丝\', '呼延崇', '阿尔泰巴', '希维亚', '阿尔泰巴', '高世津', '朱浩']","[['杨云佐', '阿尔泰巴', '朱浩', '伊丝\', '呼延崇', '阿尔泰巴', '希维亚', '阿尔泰巴', '高世津', '朱浩'], ['20', '5', '5', '5', '5', '5', '5', '5', '5', '5'], ['SR', 'R', 'R', 'R', 'R', 'R', 'R', 'R', 'R', 'R']]"
1190,ww_3,挑灯看剑,390,190,2023_12_19_15_59_45,2.0%+0.0%,"{'R': ['高世津', '应灵华', '阿尔泰巴', '雅布斯', '阿尔泰巴', '朱浩'], 'SR': ['幻镜胧妖', '周崇', '白菀'], 'SSR': ['铁手夏侯仪']}",['铁手夏侯仪'],70,1,3,6,1,"['高世津', '幻镜胧妖', '铁手夏侯仪', '周崇', '应灵华', '阿尔泰巴', '雅布斯', '阿尔泰巴', '白菀', '朱浩']","[['高世津', '幻镜胧妖', '铁手夏侯仪', '周崇', '应灵华', '阿尔泰巴', '雅布斯', '阿尔泰巴', '白菀', '朱浩'], ['5', '20', '60', '20', '5', '5', '5', '5', '20', '5'], ['R', 'SR', 'SSR', 'SR', 'R', 'R', 'R', 'R', 'SR', 'R']]"
1200,ww_3,挑灯看剑,400,200,2023_12_19_16_00_22,2.0%+0.0%,"{'R': ['呼延崇', '呼延崇', '阿尔泰巴', '高世津', '伊丝\', '伊丝\', '高世津'], 'SR': ['太渊隐逸', '高戚', '司徒缨'], 'SSR': []}",[],0,0,3,7,0,"['呼延崇', '太渊隐逸', '呼延崇', '阿尔泰巴', '高戚', '高世津', '司徒缨', '伊丝\', '伊丝\', '高世津']","[['呼延崇', '太渊隐逸', '呼延崇', '阿尔泰巴', '高戚', '高世津', '司徒缨', '伊丝\', '伊丝\', '高世津'], ['5', '20', '5', '5', '20', '5', '20', '5', '5', '5'], ['R', 'SR', 'R', 'R', 'SR', 'R', 'SR', 'R', 'R', 'R']]"
